date,nav
03-10-2025,10.1428
01-10-2025,10.1428
30-09-2025,10.1428
26-09-2025,10.1428
25-09-2025,10.1428
24-09-2025,10.1428
23-09-2025,10.1428
22-09-2025,10.1428
19-09-2025,10.1428
18-09-2025,10.1428
17-09-2025,10.1428
16-09-2025,10.1428
15-09-2025,10.1428
12-09-2025,10.1423
11-09-2025,10.1428
10-09-2025,10.1428
09-09-2025,10.1428
05-09-2025,10.1428
04-09-2025,10.1428
03-09-2025,10.1428
02-09-2025,10.1428
01-09-2025,10.1428
29-08-2025,10.1416
28-08-2025,10.1428
26-08-2025,10.1414
25-08-2025,10.1428
22-08-2025,10.1425
21-08-2025,10.1428
20-08-2025,10.1428
19-08-2025,10.1427
18-08-2025,10.1428
14-08-2025,10.1428
13-08-2025,10.1388
12-08-2025,10.1398
11-08-2025,10.1428
08-08-2025,10.1428
07-08-2025,10.1421
06-08-2025,10.1406
05-08-2025,10.1428
04-08-2025,10.1428
01-08-2025,10.1428
31-07-2025,10.1428
30-07-2025,10.1428
29-07-2025,10.1422
28-07-2025,10.1428
25-07-2025,10.1428
24-07-2025,10.1428
23-07-2025,10.1428
22-07-2025,10.1428
21-07-2025,10.1428
18-07-2025,10.1428
17-07-2025,10.1428
16-07-2025,10.1428
15-07-2025,10.1428
14-07-2025,10.1428
11-07-2025,10.1428
10-07-2025,10.1428
09-07-2025,10.1428
08-07-2025,10.1428
07-07-2025,10.1428
04-07-2025,10.1428
03-07-2025,10.1428
02-07-2025,10.1428
01-07-2025,10.1428
30-06-2025,10.1428
27-06-2025,10.1428
26-06-2025,10.1428
25-06-2025,10.1424
24-06-2025,10.1428
23-06-2025,10.1428
20-06-2025,10.1428
19-06-2025,10.1423
18-06-2025,10.1413
17-06-2025,10.1381
16-06-2025,10.1332
13-06-2025,10.1295
12-06-2025,10.1312
11-06-2025,10.1349
10-06-2025,10.1378
09-06-2025,10.1428
06-06-2025,10.1428
05-06-2025,10.1428
04-06-2025,10.1428
03-06-2025,10.1428
02-06-2025,10.1428
30-05-2025,10.1428
29-05-2025,10.1428
28-05-2025,10.1428
27-05-2025,10.1428
26-05-2025,10.1428
23-05-2025,10.1428
22-05-2025,10.1428
21-05-2025,10.1428
20-05-2025,10.1428
19-05-2025,10.1428
16-05-2025,10.1428
15-05-2025,10.1428
14-05-2025,10.1428
13-05-2025,10.1428
09-05-2025,10.1362
08-05-2025,10.1384
07-05-2025,10.1428
06-05-2025,10.1428
05-05-2025,10.1428
02-05-2025,10.1428
30-04-2025,10.1421
29-04-2025,10.1428
28-04-2025,10.1428
25-04-2025,10.1426
24-04-2025,10.1428
23-04-2025,10.1428
22-04-2025,10.1428
21-04-2025,10.1428
17-04-2025,10.1428
16-04-2025,10.1428
15-04-2025,10.1428
11-04-2025,10.1428
09-04-2025,10.1428
08-04-2025,10.1428
07-04-2025,10.1428
04-04-2025,10.1428
03-04-2025,10.1428
02-04-2025,10.1428
31-03-2025,10.1428
28-03-2025,10.1428
27-03-2025,10.1428
26-03-2025,10.1428
25-03-2025,10.1428
24-03-2025,10.1428
21-03-2025,10.1428
20-03-2025,10.1428
19-03-2025,10.1428
18-03-2025,10.1428
17-03-2025,10.1428
13-03-2025,10.1428
12-03-2025,10.1428
11-03-2025,10.1428
10-03-2025,10.1428
07-03-2025,10.1428
06-03-2025,10.1428
05-03-2025,10.1428
04-03-2025,10.1428
03-03-2025,10.1428
28-02-2025,10.1428
27-02-2025,10.1428
25-02-2025,10.1428
24-02-2025,10.1428
21-02-2025,10.1428
20-02-2025,10.1428
18-02-2025,10.1428
17-02-2025,10.1428
14-02-2025,10.1428
13-02-2025,10.1428
12-02-2025,10.1428
11-02-2025,10.1428
10-02-2025,10.1428
07-02-2025,10.1428
06-02-2025,10.1428
05-02-2025,10.1428
04-02-2025,10.1428
03-02-2025,10.1428
31-01-2025,10.1428
30-01-2025,10.1428
29-01-2025,10.1428
28-01-2025,10.1428
27-01-2025,10.1428
24-01-2025,10.1428
23-01-2025,10.1428
22-01-2025,10.1428
21-01-2025,10.1428
20-01-2025,10.1428
17-01-2025,10.1428
16-01-2025,10.1428
15-01-2025,10.1428
14-01-2025,10.1428
13-01-2025,10.1428
10-01-2025,10.1428
09-01-2025,10.1428
08-01-2025,10.1427
07-01-2025,10.1428
06-01-2025,10.1428
03-01-2025,10.1428
02-01-2025,10.1428
01-01-2025,10.1428
31-12-2024,10.1428
30-12-2024,10.1428
27-12-2024,10.1428
26-12-2024,10.1428
24-12-2024,10.1428
23-12-2024,10.1428
20-12-2024,10.1423
19-12-2024,10.1428
18-12-2024,10.1428
17-12-2024,10.1428
16-12-2024,10.1428
13-12-2024,10.1428
12-12-2024,10.1428
11-12-2024,10.1428
10-12-2024,10.1427
09-12-2024,10.1428
06-12-2024,10.1428
05-12-2024,10.1428
04-12-2024,10.1428
03-12-2024,10.1428
02-12-2024,10.1428
29-11-2024,10.1428
28-11-2024,10.1428
27-11-2024,10.1428
26-11-2024,10.1428
25-11-2024,10.1428
22-11-2024,10.1428
21-11-2024,10.1428
19-11-2024,10.1428
18-11-2024,10.1428
14-11-2024,10.1428
13-11-2024,10.1428
12-11-2024,10.1428
11-11-2024,10.1428
08-11-2024,10.1428
07-11-2024,10.1428
06-11-2024,10.1428
05-11-2024,10.1428
04-11-2024,10.1428
31-10-2024,10.1428
30-10-2024,10.1428
29-10-2024,10.1428
28-10-2024,10.1428
25-10-2024,10.1428
24-10-2024,10.1428
23-10-2024,10.1428
22-10-2024,10.1424
21-10-2024,10.1428
18-10-2024,10.1428
17-10-2024,10.1428
16-10-2024,10.1428
15-10-2024,10.1428
14-10-2024,10.1428
11-10-2024,10.1428
10-10-2024,10.1428
09-10-2024,10.1428
08-10-2024,10.1428
07-10-2024,10.1428
04-10-2024,10.1428
03-10-2024,10.1428
01-10-2024,10.1428
30-09-2024,10.1428
27-09-2024,10.1428
26-09-2024,10.1428
25-09-2024,10.1428
24-09-2024,10.1428
23-09-2024,10.1428
20-09-2024,10.1428
19-09-2024,10.1428
17-09-2024,10.1428
16-09-2024,10.1428
13-09-2024,10.1428
12-09-2024,10.1428
11-09-2024,10.1428
10-09-2024,10.1428
09-09-2024,10.1428
06-09-2024,10.1428
05-09-2024,10.1428
04-09-2024,10.1428
03-09-2024,10.1428
02-09-2024,10.1428
30-08-2024,10.1428
29-08-2024,10.1428
28-08-2024,10.1428
27-08-2024,10.1428
26-08-2024,10.1428
23-08-2024,10.1428
22-08-2024,10.1428
21-08-2024,10.1428
20-08-2024,10.1428
19-08-2024,10.1428
16-08-2024,10.1428
14-08-2024,10.1428
13-08-2024,10.1428
12-08-2024,10.1428
09-08-2024,10.1428
08-08-2024,10.1428
07-08-2024,10.1428
06-08-2024,10.1427
05-08-2024,10.1428
02-08-2024,10.1428
01-08-2024,10.1428
31-07-2024,10.1428
30-07-2024,10.1428
29-07-2024,10.1428
26-07-2024,10.1428
25-07-2024,10.1428
24-07-2024,10.1428
23-07-2024,10.1428
22-07-2024,10.1428
19-07-2024,10.1428
18-07-2024,10.1428
16-07-2024,10.1428
15-07-2024,10.1428
12-07-2024,10.1428
11-07-2024,10.1428
10-07-2024,10.1428
09-07-2024,10.1428
08-07-2024,10.1428
05-07-2024,10.1428
04-07-2024,10.1428
03-07-2024,10.1428
02-07-2024,10.1428
01-07-2024,10.1428
28-06-2024,10.1428
27-06-2024,10.1428
26-06-2024,10.1428
25-06-2024,10.1428
24-06-2024,10.1428
21-06-2024,10.1428
20-06-2024,10.1428
19-06-2024,10.1428
18-06-2024,10.1428
14-06-2024,10.1428
13-06-2024,10.1428
12-06-2024,10.1428
11-06-2024,10.1428
10-06-2024,10.1428
07-06-2024,10.1428
06-06-2024,10.1428
05-06-2024,10.1413
04-06-2024,10.1393
03-06-2024,10.1428
31-05-2024,10.1428
30-05-2024,10.1428
29-05-2024,10.1428
28-05-2024,10.1428
27-05-2024,10.1428
24-05-2024,10.1428
22-05-2024,10.1428
21-05-2024,10.1428
17-05-2024,10.1428
16-05-2024,10.1428
15-05-2024,10.1428
14-05-2024,10.1428
13-05-2024,10.1428
10-05-2024,10.1428
09-05-2024,10.1428
08-05-2024,10.1428
07-05-2024,10.1428
06-05-2024,10.1428
03-05-2024,10.1428
02-05-2024,10.1428
30-04-2024,10.1428
29-04-2024,10.1428
26-04-2024,10.1428
25-04-2024,10.1428
24-04-2024,10.1428
23-04-2024,10.1428
22-04-2024,10.1428
19-04-2024,10.1425
18-04-2024,10.1428
16-04-2024,10.1428
15-04-2024,10.1428
12-04-2024,10.1428
10-04-2024,10.1428
08-04-2024,10.1428
05-04-2024,10.1428
04-04-2024,10.1428
03-04-2024,10.1428
02-04-2024,10.1428
31-03-2024,10.1428
28-03-2024,10.1428
27-03-2024,10.1428
26-03-2024,10.1428
22-03-2024,10.1428
21-03-2024,10.1428
20-03-2024,10.1428
19-03-2024,10.1428
18-03-2024,10.1428
15-03-2024,10.1428
14-03-2024,10.1428
13-03-2024,10.1428
12-03-2024,10.1428
11-03-2024,10.1428
07-03-2024,10.1428
06-03-2024,10.1428
05-03-2024,10.1428
04-03-2024,10.1428
01-03-2024,10.1428
29-02-2024,10.1428
28-02-2024,10.1428
27-02-2024,10.1428
26-02-2024,10.1428
23-02-2024,10.1428
22-02-2024,10.1428
21-02-2024,10.1428
20-02-2024,10.1428
16-02-2024,10.1428
15-02-2024,10.1428
14-02-2024,10.1428
13-02-2024,10.1428
12-02-2024,10.1428
09-02-2024,10.1428
08-02-2024,10.1428
07-02-2024,10.1428
06-02-2024,10.1428
05-02-2024,10.1428
02-02-2024,10.1428
01-02-2024,10.1428
31-01-2024,10.1428
30-01-2024,10.1428
29-01-2024,10.1428
25-01-2024,10.1428
24-01-2024,10.1428
23-01-2024,10.1428
19-01-2024,10.1428
18-01-2024,10.1428
17-01-2024,10.1428
16-01-2024,10.1428
15-01-2024,10.1428
12-01-2024,10.1428
11-01-2024,10.1428
10-01-2024,10.1428
09-01-2024,10.1428
08-01-2024,10.1428
05-01-2024,10.1428
04-01-2024,10.1428
03-01-2024,10.1428
02-01-2024,10.1428
01-01-2024,10.1428
29-12-2023,10.1428
28-12-2023,10.1428
27-12-2023,10.1428
26-12-2023,10.1428
22-12-2023,10.1428
21-12-2023,10.1428
20-12-2023,10.1428
19-12-2023,10.1428
18-12-2023,10.1428
15-12-2023,10.1428
14-12-2023,10.1428
13-12-2023,10.1428
12-12-2023,10.1428
11-12-2023,10.1428
08-12-2023,10.1428
07-12-2023,10.1428
06-12-2023,10.1428
05-12-2023,10.1428
04-12-2023,10.1428
01-12-2023,10.1428
30-11-2023,10.1428
29-11-2023,10.1428
28-11-2023,10.1428
24-11-2023,10.1422
23-11-2023,10.1428
22-11-2023,10.1425
21-11-2023,10.1415
20-11-2023,10.1428
17-11-2023,10.1428
16-11-2023,10.1428
15-11-2023,10.1428
13-11-2023,10.1428
10-11-2023,10.1428
09-11-2023,10.1428
08-11-2023,10.1428
07-11-2023,10.1428
06-11-2023,10.1428
03-11-2023,10.1428
02-11-2023,10.1428
01-11-2023,10.1428
31-10-2023,10.1428
30-10-2023,10.1428
27-10-2023,10.1428
26-10-2023,10.1428
25-10-2023,10.1428
23-10-2023,10.1428
20-10-2023,10.1428
19-10-2023,10.1428
18-10-2023,10.1428
17-10-2023,10.1428
16-10-2023,10.1428
13-10-2023,10.1427
12-10-2023,10.1403
11-10-2023,10.1382
10-10-2023,10.1358
09-10-2023,10.1366
06-10-2023,10.1355
05-10-2023,10.1428
04-10-2023,10.1428
03-10-2023,10.1428
30-09-2023,10.1428
29-09-2023,10.1428
27-09-2023,10.1428
26-09-2023,10.1428
25-09-2023,10.1428
22-09-2023,10.1428
21-09-2023,10.1428
20-09-2023,10.1428
18-09-2023,10.1428
15-09-2023,10.1425
14-09-2023,10.1428
13-09-2023,10.1428
12-09-2023,10.1428
11-09-2023,10.1428
08-09-2023,10.1428
07-09-2023,10.1428
06-09-2023,10.1428
05-09-2023,10.1428
04-09-2023,10.1428
01-09-2023,10.1428
31-08-2023,10.1428
30-08-2023,10.1428
29-08-2023,10.1428
28-08-2023,10.1428
25-08-2023,10.1428
24-08-2023,10.1428
23-08-2023,10.1428
22-08-2023,10.1428
21-08-2023,10.1428
18-08-2023,10.1428
17-08-2023,10.1428
14-08-2023,10.1428
11-08-2023,10.1428
10-08-2023,10.1428
09-08-2023,10.1428
08-08-2023,10.1428
07-08-2023,10.1428
04-08-2023,10.1428
03-08-2023,10.1428
02-08-2023,10.1428
01-08-2023,10.1428
31-07-2023,10.1428
28-07-2023,10.1427
27-07-2023,10.1428
26-07-2023,10.1428
25-07-2023,10.1428
24-07-2023,10.1428
21-07-2023,10.1428
20-07-2023,10.1428
19-07-2023,10.1428
18-07-2023,10.1428
17-07-2023,10.1428
14-07-2023,10.1428
13-07-2023,10.1428
12-07-2023,10.1428
11-07-2023,10.1428
10-07-2023,10.1428
07-07-2023,10.1428
06-07-2023,10.1428
05-07-2023,10.1428
04-07-2023,10.1428
03-07-2023,10.1428
30-06-2023,10.1428
28-06-2023,10.1428
27-06-2023,10.1428
26-06-2023,10.1428
23-06-2023,10.1428
22-06-2023,10.1428
21-06-2023,10.1428
20-06-2023,10.1428
19-06-2023,10.1428
16-06-2023,10.1428
15-06-2023,10.1428
14-06-2023,10.1428
13-06-2023,10.1428
12-06-2023,10.1428
09-06-2023,10.1425
08-06-2023,10.1428
07-06-2023,10.1428
06-06-2023,10.1428
05-06-2023,10.1428
02-06-2023,10.1428
01-06-2023,10.1428
31-05-2023,10.1428
30-05-2023,10.1428
29-05-2023,10.1428
26-05-2023,10.1428
25-05-2023,10.1428
24-05-2023,10.1428
23-05-2023,10.1428
22-05-2023,10.1428
19-05-2023,10.1428
18-05-2023,10.1428
17-05-2023,10.1428
16-05-2023,10.1428
15-05-2023,10.1428
12-05-2023,10.1428
11-05-2023,10.1428
10-05-2023,10.1424
09-05-2023,10.1428
08-05-2023,10.1428
04-05-2023,10.1428
03-05-2023,10.1428
02-05-2023,10.1428
28-04-2023,10.1428
27-04-2023,10.1428
26-04-2023,10.1428
25-04-2023,10.1428
24-04-2023,10.1428
21-04-2023,10.1428
20-04-2023,10.1428
19-04-2023,10.1428
18-04-2023,10.1428
17-04-2023,10.1428
13-04-2023,10.1428
12-04-2023,10.1428
11-04-2023,10.1428
10-04-2023,10.1428
06-04-2023,10.1428
05-04-2023,10.1428
03-04-2023,10.1428
31-03-2023,10.1428
29-03-2023,10.1428
28-03-2023,10.142
27-03-2023,10.1428
24-03-2023,10.1428
23-03-2023,10.1428
21-03-2023,10.1428
20-03-2023,10.1428
17-03-2023,10.1424
16-03-2023,10.1426
15-03-2023,10.1428
14-03-2023,10.1428
13-03-2023,10.1428
10-03-2023,10.1428
09-03-2023,10.1428
08-03-2023,10.1428
06-03-2023,10.1428
03-03-2023,10.1428
02-03-2023,10.1428
01-03-2023,10.1428
28-02-2023,10.1428
27-02-2023,10.1428
24-02-2023,10.1428
23-02-2023,10.1428
22-02-2023,10.1428
21-02-2023,10.1428
20-02-2023,10.1428
17-02-2023,10.1428
16-02-2023,10.1428
15-02-2023,10.1428
14-02-2023,10.1419
13-02-2023,10.1428
10-02-2023,10.1428
09-02-2023,10.1428
08-02-2023,10.1428
07-02-2023,10.1428
06-02-2023,10.1428
03-02-2023,10.1428
02-02-2023,10.1428
01-02-2023,10.1428
31-01-2023,10.1428
30-01-2023,10.1428
27-01-2023,10.1428
25-01-2023,10.1428
24-01-2023,10.1424
23-01-2023,10.1428
20-01-2023,10.1428
19-01-2023,10.1428
18-01-2023,10.1428
17-01-2023,10.1428
16-01-2023,10.1428
13-01-2023,10.1428
12-01-2023,10.1428
11-01-2023,10.1428
10-01-2023,10.1428
09-01-2023,10.1428
06-01-2023,10.1428
05-01-2023,10.1428
04-01-2023,10.1428
03-01-2023,10.1428
02-01-2023,10.1428
30-12-2022,10.1428
29-12-2022,10.1428
28-12-2022,10.1428
27-12-2022,10.1428
26-12-2022,10.1428
23-12-2022,10.1428
22-12-2022,10.1428
21-12-2022,10.1428
20-12-2022,10.1428
19-12-2022,10.1428
16-12-2022,10.1428
15-12-2022,10.1428
14-12-2022,10.1428
13-12-2022,10.1428
12-12-2022,10.1428
09-12-2022,10.1428
08-12-2022,10.1428
07-12-2022,10.1428
06-12-2022,10.1428
05-12-2022,10.1428
02-12-2022,10.1428
01-12-2022,10.1428
30-11-2022,10.1428
29-11-2022,10.1428
28-11-2022,10.1428
25-11-2022,10.1399
24-11-2022,10.1428
23-11-2022,10.1422
22-11-2022,10.1428
21-11-2022,10.1428
18-11-2022,10.1428
17-11-2022,10.1428
16-11-2022,10.1428
15-11-2022,10.1428
14-11-2022,10.1428
11-11-2022,10.1428
10-11-2022,10.1428
09-11-2022,10.1428
07-11-2022,10.1428
04-11-2022,10.1428
03-11-2022,10.1428
02-11-2022,10.1428
01-11-2022,10.1428
31-10-2022,10.1428
28-10-2022,10.1424
27-10-2022,10.1428
25-10-2022,10.1428
21-10-2022,10.14
20-10-2022,10.1421
19-10-2022,10.1416
18-10-2022,10.1428
17-10-2022,10.1428
14-10-2022,10.138
13-10-2022,10.1421
12-10-2022,10.1406
11-10-2022,10.1363
10-10-2022,10.1391
07-10-2022,10.1397
06-10-2022,10.141
04-10-2022,10.1428
03-10-2022,10.1428
30-09-2022,10.1428
29-09-2022,10.1393
28-09-2022,10.1337
27-09-2022,10.1318
26-09-2022,10.1326
23-09-2022,10.1329
22-09-2022,10.1378
21-09-2022,10.1379
20-09-2022,10.138
19-09-2022,10.1397
16-09-2022,10.136
15-09-2022,10.1387
14-09-2022,10.1405
13-09-2022,10.1428
12-09-2022,10.1428
09-09-2022,10.1428
08-09-2022,10.1428
07-09-2022,10.1428
06-09-2022,10.1428
05-09-2022,10.1428
02-09-2022,10.1428
01-09-2022,10.1428
30-08-2022,10.1428
29-08-2022,10.1428
26-08-2022,10.1428
25-08-2022,10.1428
24-08-2022,10.1428
23-08-2022,10.1428
22-08-2022,10.1428
19-08-2022,10.1422
18-08-2022,10.1411
17-08-2022,10.1428
12-08-2022,10.1428
11-08-2022,10.1428
10-08-2022,10.1428
08-08-2022,10.1418
05-08-2022,10.1384
04-08-2022,10.1428
03-08-2022,10.1428
02-08-2022,10.1428
01-08-2022,10.1428
29-07-2022,10.1428
28-07-2022,10.1428
27-07-2022,10.1418
26-07-2022,10.1411
25-07-2022,10.1428
22-07-2022,10.1428
21-07-2022,10.1426
20-07-2022,10.1428
19-07-2022,10.1428
18-07-2022,10.1428
15-07-2022,10.1428
14-07-2022,10.1428
13-07-2022,10.1428
12-07-2022,10.1428
11-07-2022,10.1428
08-07-2022,10.1423
07-07-2022,10.1408
06-07-2022,10.1428
05-07-2022,10.1428
04-07-2022,10.1428
01-07-2022,10.1418
30-06-2022,10.139
29-06-2022,10.1314
28-06-2022,10.1292
27-06-2022,10.1321
24-06-2022,10.1289
23-06-2022,10.1289
22-06-2022,10.1274
21-06-2022,10.1241
20-06-2022,10.1229
17-06-2022,10.118
16-06-2022,10.1258
15-06-2022,10.1268
14-06-2022,10.1269
13-06-2022,10.1268
10-06-2022,10.1245
09-06-2022,10.1254
08-06-2022,10.1215
07-06-2022,10.1122
06-06-2022,10.1216
03-06-2022,10.122
02-06-2022,10.1242
01-06-2022,10.1251
31-05-2022,10.1242
30-05-2022,10.1247
27-05-2022,10.123
26-05-2022,10.1225
25-05-2022,10.1222
24-05-2022,10.1212
23-05-2022,10.1168
20-05-2022,10.1128
19-05-2022,10.116
18-05-2022,10.1145
17-05-2022,10.1131
13-05-2022,10.1078
12-05-2022,10.1117
11-05-2022,10.1115
10-05-2022,10.109
09-05-2022,10.1061
06-05-2022,10.1063
05-05-2022,10.1112
04-05-2022,10.1144
02-05-2022,10.1428
29-04-2022,10.1428
28-04-2022,10.1428
27-04-2022,10.1428
26-04-2022,10.1428
25-04-2022,10.1428
22-04-2022,10.1428
21-04-2022,10.1428
20-04-2022,10.1416
19-04-2022,10.14
18-04-2022,10.138
13-04-2022,10.1312
12-04-2022,10.1352
11-04-2022,10.1331
08-04-2022,10.1349
07-04-2022,10.1428
06-04-2022,10.1428
05-04-2022,10.1426
04-04-2022,10.1428
31-03-2022,10.1428
30-03-2022,10.1428
29-03-2022,10.1427
28-03-2022,10.1428
25-03-2022,10.1428
24-03-2022,10.1428
23-03-2022,10.1428
22-03-2022,10.1428
21-03-2022,10.1428
17-03-2022,10.1428
16-03-2022,10.1428
15-03-2022,10.1428
14-03-2022,10.1428
11-03-2022,10.1428
10-03-2022,10.1428
09-03-2022,10.1409
08-03-2022,10.1396
07-03-2022,10.1381
04-03-2022,10.1402
03-03-2022,10.138
02-03-2022,10.141
28-02-2022,10.1428
25-02-2022,10.1398
24-02-2022,10.1414
23-02-2022,10.1428
22-02-2022,10.1426
21-02-2022,10.1428
18-02-2022,10.1421
17-02-2022,10.1414
16-02-2022,10.1428
15-02-2022,10.1422
14-02-2022,10.1428
11-02-2022,10.1428
10-02-2022,10.1428
09-02-2022,10.1424
08-02-2022,10.1407
04-02-2022,10.1325
03-02-2022,10.1317
02-02-2022,10.1309
01-02-2022,10.1364
31-01-2022,10.1428
28-01-2022,10.142
27-01-2022,10.1428
25-01-2022,10.1428
24-01-2022,10.1428
21-01-2022,10.1428
20-01-2022,10.1428
19-01-2022,10.1426
18-01-2022,10.1428
17-01-2022,10.1428
14-01-2022,10.1428
13-01-2022,10.1428
12-01-2022,10.1428
11-01-2022,10.1428
10-01-2022,10.1428
07-01-2022,10.1428
06-01-2022,10.1428
05-01-2022,10.1428
04-01-2022,10.1415
03-01-2022,10.1428
31-12-2021,10.1428
30-12-2021,10.1428
29-12-2021,10.1428
28-12-2021,10.1417
27-12-2021,10.1424
24-12-2021,10.1382
23-12-2021,10.1376
22-12-2021,10.1373
21-12-2021,10.1377
20-12-2021,10.1391
17-12-2021,10.1381
16-12-2021,10.1428
15-12-2021,10.1428
14-12-2021,10.1428
13-12-2021,10.1428
10-12-2021,10.1416
09-12-2021,10.1424
08-12-2021,10.1428
07-12-2021,10.1428
06-12-2021,10.1428
03-12-2021,10.1428
02-12-2021,10.1428
01-12-2021,10.1428
30-11-2021,10.1428
29-11-2021,10.1422
26-11-2021,10.1428
25-11-2021,10.1428
24-11-2021,10.1418
23-11-2021,10.1428
22-11-2021,10.1428
18-11-2021,10.1428
17-11-2021,10.1428
16-11-2021,10.1428
15-11-2021,10.1428
12-11-2021,10.1424
11-11-2021,10.1422
10-11-2021,10.141
09-11-2021,10.1428
08-11-2021,10.1428
03-11-2021,10.1398
02-11-2021,10.1379
01-11-2021,10.1383
29-10-2021,10.1386
28-10-2021,10.1408
27-10-2021,10.1421
26-10-2021,10.1425
25-10-2021,10.1428
22-10-2021,10.1408
21-10-2021,10.1394
20-10-2021,10.1428
18-10-2021,10.1428
14-10-2021,10.141
13-10-2021,10.1428
12-10-2021,10.1428
11-10-2021,10.1428
08-10-2021,10.1428
07-10-2021,10.1413
06-10-2021,10.1392
05-10-2021,10.1418
04-10-2021,10.1428
01-10-2021,10.1428
30-09-2021,10.1428
29-09-2021,10.1428
28-09-2021,10.1428
27-09-2021,10.1412
24-09-2021,10.1395
23-09-2021,10.1405
22-09-2021,10.1407
21-09-2021,10.141
20-09-2021,10.1428
17-09-2021,10.1428
16-09-2021,10.1428
15-09-2021,10.1411
14-09-2021,10.1422
13-09-2021,10.1428
09-09-2021,10.1428
08-09-2021,10.1428
07-09-2021,10.1428
06-09-2021,10.1428
03-09-2021,10.1428
02-09-2021,10.1428
01-09-2021,10.1428
31-08-2021,10.1428
30-08-2021,10.1428
27-08-2021,10.1428
26-08-2021,10.1411
25-08-2021,10.1414
24-08-2021,10.1428
23-08-2021,10.1428
20-08-2021,10.1428
18-08-2021,10.1428
17-08-2021,10.1428
13-08-2021,10.1428
12-08-2021,10.1428
11-08-2021,10.1414
10-08-2021,10.1428
09-08-2021,10.1428
06-08-2021,10.1428
05-08-2021,10.1428
04-08-2021,10.1428
03-08-2021,10.1413
02-08-2021,10.1401
30-07-2021,10.139
29-07-2021,10.1428
28-07-2021,10.1428
27-07-2021,10.1428
26-07-2021,10.1418
23-07-2021,10.1423
22-07-2021,10.1428
20-07-2021,10.1428
19-07-2021,10.1428
16-07-2021,10.1428
15-07-2021,10.1428
14-07-2021,10.1421
13-07-2021,10.1428
12-07-2021,10.1428
09-07-2021,10.1424
08-07-2021,10.1405
07-07-2021,10.1428
06-07-2021,10.1424
05-07-2021,10.1428
02-07-2021,10.1428
01-07-2021,10.142
30-06-2021,10.1401
29-06-2021,10.1428
28-06-2021,10.1428
25-06-2021,10.1428
24-06-2021,10.1428
23-06-2021,10.1428
22-06-2021,10.1428
21-06-2021,10.1428
18-06-2021,10.1428
17-06-2021,10.1379
16-06-2021,10.1351
15-06-2021,10.1418
14-06-2021,10.1428
11-06-2021,10.1428
10-06-2021,10.1428
09-06-2021,10.1428
08-06-2021,10.1428
07-06-2021,10.1428
04-06-2021,10.1428
03-06-2021,10.1428
02-06-2021,10.1428
01-06-2021,10.1428
31-05-2021,10.1428
28-05-2021,10.1402
27-05-2021,10.1428
25-05-2021,10.1428
24-05-2021,10.1428
21-05-2021,10.1428
20-05-2021,10.1428
19-05-2021,10.1428
18-05-2021,10.1428
17-05-2021,10.1428
14-05-2021,10.1428
12-05-2021,10.1415
11-05-2021,10.1428
10-05-2021,10.1428
07-05-2021,10.1428
06-05-2021,10.1428
05-05-2021,10.1428
04-05-2021,10.1428
03-05-2021,10.1428
30-04-2021,10.1427
29-04-2021,10.1401
28-04-2021,10.1405
27-04-2021,10.1428
26-04-2021,10.1428
23-04-2021,10.1406
22-04-2021,10.1428
20-04-2021,10.1428
19-04-2021,10.1428
16-04-2021,10.1402
15-04-2021,10.1428
12-04-2021,10.1428
09-04-2021,10.1428
08-04-2021,10.1428
07-04-2021,10.1428
06-04-2021,10.1428
05-04-2021,10.1428
31-03-2021,10.1417
30-03-2021,10.1428
26-03-2021,10.1428
25-03-2021,10.1428
24-03-2021,10.1428
23-03-2021,10.1416
22-03-2021,10.1314
19-03-2021,10.1314
18-03-2021,10.1229
17-03-2021,10.1215
16-03-2021,10.1187
15-03-2021,10.1206
12-03-2021,10.1277
10-03-2021,10.1399
09-03-2021,10.1396
08-03-2021,10.1398
05-03-2021,10.1383
04-03-2021,10.1428
03-03-2021,10.1428
02-03-2021,10.1428
01-03-2021,10.1428
26-02-2021,10.1416
25-02-2021,10.1428
24-02-2021,10.1428
23-02-2021,10.1417
22-02-2021,10.1407
18-02-2021,10.1428
17-02-2021,10.1428
16-02-2021,10.1428
15-02-2021,10.1428
12-02-2021,10.1411
11-02-2021,10.1373
10-02-2021,10.1342
09-02-2021,10.1335
08-02-2021,10.1347
05-02-2021,10.1312
04-02-2021,10.1319
03-02-2021,10.1328
02-02-2021,10.1305
01-02-2021,10.1349
29-01-2021,10.1428
28-01-2021,10.1404
27-01-2021,10.1384
25-01-2021,10.1378
22-01-2021,10.135
21-01-2021,10.1346
20-01-2021,10.1343
19-01-2021,10.1306
18-01-2021,10.1306
15-01-2021,10.1342
14-01-2021,10.1334
13-01-2021,10.1375
12-01-2021,10.1382
11-01-2021,10.14
08-01-2021,10.1428
07-01-2021,10.1428
06-01-2021,10.1428
05-01-2021,10.1428
04-01-2021,10.1428
01-01-2021,10.1428
31-12-2020,10.1428
30-12-2020,10.1428
29-12-2020,10.1428
28-12-2020,10.1428
24-12-2020,10.1428
23-12-2020,10.1428
22-12-2020,10.1428
21-12-2020,10.1428
18-12-2020,10.1428
17-12-2020,10.1428
16-12-2020,10.1428
15-12-2020,10.1428
14-12-2020,10.1428
11-12-2020,10.1416
10-12-2020,10.1428
09-12-2020,10.1428
08-12-2020,10.1428
07-12-2020,10.1428
04-12-2020,10.1428
03-12-2020,10.1423
02-12-2020,10.1411
01-12-2020,10.1428
27-11-2020,10.1428
26-11-2020,10.1428
25-11-2020,10.1428
24-11-2020,10.1428
23-11-2020,10.1428
20-11-2020,10.1428
19-11-2020,10.1428
18-11-2020,10.1428
17-11-2020,10.1428
13-11-2020,10.1428
12-11-2020,10.1428
11-11-2020,10.1428
10-11-2020,10.1428
09-11-2020,10.1428
06-11-2020,10.1428
05-11-2020,10.1428
04-11-2020,10.1428
03-11-2020,10.1428
02-11-2020,10.1428
29-10-2020,10.1423
28-10-2020,10.1428
27-10-2020,10.1428
26-10-2020,10.1428
23-10-2020,10.1428
22-10-2020,10.1424
21-10-2020,10.1425
20-10-2020,10.1428
19-10-2020,10.1428
16-10-2020,10.1428
15-10-2020,10.1428
14-10-2020,10.1428
13-10-2020,10.1428
12-10-2020,10.1428
09-10-2020,10.1428
08-10-2020,10.1428
07-10-2020,10.1428
06-10-2020,10.1428
05-10-2020,10.1428
01-10-2020,10.1428
30-09-2020,10.1428
29-09-2020,10.1428
28-09-2020,10.1428
25-09-2020,10.1428
24-09-2020,10.1428
23-09-2020,10.1428
22-09-2020,10.1428
21-09-2020,10.1428
18-09-2020,10.1428
17-09-2020,10.142
16-09-2020,10.1399
15-09-2020,10.1361
14-09-2020,10.1375
11-09-2020,10.1358
10-09-2020,10.1354
09-09-2020,10.1367
08-09-2020,10.1344
07-09-2020,10.142
04-09-2020,10.1428
03-09-2020,10.1428
02-09-2020,10.1428
01-09-2020,10.1428
31-08-2020,10.1428
28-08-2020,10.1301
27-08-2020,10.1313
26-08-2020,10.1345
25-08-2020,10.1362
24-08-2020,10.1333
21-08-2020,10.135
20-08-2020,10.1428
19-08-2020,10.1428
18-08-2020,10.1428
17-08-2020,10.1428
14-08-2020,10.1428
13-08-2020,10.1428
12-08-2020,10.1428
11-08-2020,10.1428
10-08-2020,10.1428
07-08-2020,10.1428
06-08-2020,10.1428
05-08-2020,10.1428
04-08-2020,10.1428
03-08-2020,10.1428
31-07-2020,10.1428
30-07-2020,10.1428
29-07-2020,10.1413
28-07-2020,10.1398
27-07-2020,10.1428
24-07-2020,10.1428
23-07-2020,10.1428
22-07-2020,10.1419
21-07-2020,10.1425
20-07-2020,10.1428
17-07-2020,10.1428
16-07-2020,10.1428
15-07-2020,10.1428
14-07-2020,10.1428
13-07-2020,10.1428
10-07-2020,10.1428
09-07-2020,10.1428
08-07-2020,10.1428
07-07-2020,10.1428
06-07-2020,10.1428
03-07-2020,10.1428
02-07-2020,10.1428
01-07-2020,10.1428
30-06-2020,10.1428
29-06-2020,10.1428
26-06-2020,10.1428
25-06-2020,10.1428
24-06-2020,10.1428
23-06-2020,10.1428
22-06-2020,10.1428
19-06-2020,10.1428
18-06-2020,10.1428
17-06-2020,10.1428
16-06-2020,10.1428
15-06-2020,10.1428
12-06-2020,10.1428
11-06-2020,10.1428
10-06-2020,10.1346
09-06-2020,10.1428
08-06-2020,10.1425
05-06-2020,10.1408
04-06-2020,10.1428
03-06-2020,10.1416
02-06-2020,10.1362
01-06-2020,10.1408
29-05-2020,10.1367
28-05-2020,10.14
27-05-2020,10.1428
26-05-2020,10.1428
22-05-2020,10.1428
21-05-2020,10.1428
20-05-2020,10.1428
19-05-2020,10.1428
18-05-2020,10.1428
15-05-2020,10.1428
14-05-2020,10.1428
13-05-2020,10.1428
12-05-2020,10.1428
11-05-2020,10.1344
08-05-2020,10.1341
06-05-2020,10.13
05-05-2020,10.1175
04-05-2020,10.1077
30-04-2020,10.0834
29-04-2020,10.0718
28-04-2020,10.0693
27-04-2020,10.0925
24-04-2020,10.1125
23-04-2020,10.1428
22-04-2020,10.1428
21-04-2020,10.1428
20-04-2020,10.1428
17-04-2020,10.1374
16-04-2020,10.1118
15-04-2020,10.1114
13-04-2020,10.1134
09-04-2020,10.1105
08-04-2020,10.1138
07-04-2020,10.1328
03-04-2020,10.1428
31-03-2020,10.1428
30-03-2020,10.1428
27-03-2020,10.1428
26-03-2020,10.0191
24-03-2020,10.0117
23-03-2020,10.0222
20-03-2020,10.0476
19-03-2020,10.0324
18-03-2020,10.0757
17-03-2020,10.091
16-03-2020,10.102
13-03-2020,10.0979
12-03-2020,10.1154
11-03-2020,10.1314
09-03-2020,10.1315
06-03-2020,10.1428
05-03-2020,10.1428
04-03-2020,10.1428
03-03-2020,10.1428
02-03-2020,10.1428
28-02-2020,10.1415
27-02-2020,10.1428
26-02-2020,10.1428
25-02-2020,10.1424
24-02-2020,10.1428
20-02-2020,10.1428
18-02-2020,10.1428
17-02-2020,10.1428
14-02-2020,10.1428
13-02-2020,10.1428
12-02-2020,10.1428
11-02-2020,10.1428
10-02-2020,10.1428
07-02-2020,10.1428
06-02-2020,10.1428
05-02-2020,10.1428
04-02-2020,10.1428
03-02-2020,10.1428
31-01-2020,10.1428
30-01-2020,10.1428
29-01-2020,10.1428
28-01-2020,10.1428
27-01-2020,10.1428
24-01-2020,10.1428
23-01-2020,10.1428
22-01-2020,10.1428
21-01-2020,10.1428
20-01-2020,10.1428
17-01-2020,10.1428
16-01-2020,10.1428
15-01-2020,10.1428
14-01-2020,10.1402
13-01-2020,10.1428
10-01-2020,10.1417
09-01-2020,10.1428
08-01-2020,10.1428
07-01-2020,10.1428
06-01-2020,10.1428
03-01-2020,10.1428
02-01-2020,10.1428
01-01-2020,10.1428
31-12-2019,10.1428
30-12-2019,10.1428
27-12-2019,10.1428
26-12-2019,10.1428
24-12-2019,10.1428
23-12-2019,10.1428
20-12-2019,10.1428
19-12-2019,10.1428
18-12-2019,10.1428
17-12-2019,10.142
16-12-2019,10.1386
13-12-2019,10.1342
12-12-2019,10.1336
11-12-2019,10.1326
10-12-2019,10.1342
09-12-2019,10.1334
06-12-2019,10.1305
05-12-2019,10.132
04-12-2019,10.1428
03-12-2019,10.1428
02-12-2019,10.1428
29-11-2019,10.1428
28-11-2019,10.1428
27-11-2019,10.1428
26-11-2019,10.1428
25-11-2019,10.1428
22-11-2019,10.1428
21-11-2019,10.1428
20-11-2019,10.1428
19-11-2019,10.1428
18-11-2019,10.1428
15-11-2019,10.1428
14-11-2019,10.1428
13-11-2019,10.1428
11-11-2019,10.1428
08-11-2019,10.1423
07-11-2019,10.1428
06-11-2019,10.1422
05-11-2019,10.1428
04-11-2019,10.1428
01-11-2019,10.1428
31-10-2019,10.1428
30-10-2019,10.1428
29-10-2019,10.1428
25-10-2019,10.1428
24-10-2019,10.1428
23-10-2019,10.1428
22-10-2019,10.1428
18-10-2019,10.1428
17-10-2019,10.1428
16-10-2019,10.1428
15-10-2019,10.1428
14-10-2019,10.1428
11-10-2019,10.1428
10-10-2019,10.1428
09-10-2019,10.1428
07-10-2019,10.1428
04-10-2019,10.1428
03-10-2019,10.1428
01-10-2019,10.1428
30-09-2019,10.1428
27-09-2019,10.1428
26-09-2019,10.141
25-09-2019,10.1374
24-09-2019,10.1359
23-09-2019,10.1373
20-09-2019,10.1314
19-09-2019,10.1428
18-09-2019,10.1428
17-09-2019,10.1408
16-09-2019,10.1428
13-09-2019,10.1428
12-09-2019,10.1428
11-09-2019,10.1428
09-09-2019,10.1428
06-09-2019,10.1428
05-09-2019,10.1428
04-09-2019,10.1428
03-09-2019,10.1428
30-08-2019,10.1428
29-08-2019,10.1428
28-08-2019,10.1428
27-08-2019,10.1428
26-08-2019,10.1428
23-08-2019,10.1428
22-08-2019,10.1428
21-08-2019,10.1428
20-08-2019,10.1428
19-08-2019,10.1428
16-08-2019,10.1428
14-08-2019,10.1394
13-08-2019,10.1428
09-08-2019,10.1428
08-08-2019,10.1428
07-08-2019,10.1428
06-08-2019,10.1428
05-08-2019,10.1428
02-08-2019,10.1428
01-08-2019,10.1428
31-07-2019,10.1428
30-07-2019,10.1428
29-07-2019,10.1428
26-07-2019,10.1428
25-07-2019,10.141
24-07-2019,10.1428
23-07-2019,10.1411
22-07-2019,10.1428
19-07-2019,10.1428
18-07-2019,10.1428
17-07-2019,10.1428
16-07-2019,10.1428
15-07-2019,10.1428
12-07-2019,10.1428
11-07-2019,10.1428
10-07-2019,10.1428
09-07-2019,10.1428
08-07-2019,10.1428
05-07-2019,10.1428
04-07-2019,10.1428
03-07-2019,10.1428
02-07-2019,10.1428
01-07-2019,10.1428
28-06-2019,10.1428
27-06-2019,10.1428
26-06-2019,10.1404
25-06-2019,10.1428
24-06-2019,10.1428
21-06-2019,10.1421
20-06-2019,10.1428
19-06-2019,10.1428
18-06-2019,10.1428
17-06-2019,10.1428
14-06-2019,10.1428
13-06-2019,10.1428
12-06-2019,10.1428
11-06-2019,10.1416
10-06-2019,10.1405
07-06-2019,10.1393
06-06-2019,10.1428
04-06-2019,10.1428
03-06-2019,10.1428
31-05-2019,10.1428
30-05-2019,10.1428
29-05-2019,10.1428
28-05-2019,10.1428
27-05-2019,10.1428
24-05-2019,10.1428
23-05-2019,10.1428
22-05-2019,10.1428
21-05-2019,10.1428
20-05-2019,10.1428
17-05-2019,10.1428
16-05-2019,10.1428
15-05-2019,10.1428
14-05-2019,10.1428
13-05-2019,10.1428
10-05-2019,10.1428
09-05-2019,10.1428
08-05-2019,10.1428
07-05-2019,10.1428
06-05-2019,10.1428
03-05-2019,10.1426
02-05-2019,10.1428
30-04-2019,10.1428
26-04-2019,10.1403
25-04-2019,10.1391
24-04-2019,10.1392
23-04-2019,10.1416
22-04-2019,10.1428
18-04-2019,10.1428
16-04-2019,10.1428
15-04-2019,10.1428
12-04-2019,10.1428
11-04-2019,10.1427
10-04-2019,10.1428
09-04-2019,10.1425
08-04-2019,10.1428
05-04-2019,10.1428
04-04-2019,10.1428
03-04-2019,10.1428
02-04-2019,10.1428
29-03-2019,10.1428
28-03-2019,10.1428
27-03-2019,10.1428
26-03-2019,10.1428
25-03-2019,10.1428
22-03-2019,10.1428
20-03-2019,10.1423
19-03-2019,10.1428
18-03-2019,10.1428
15-03-2019,10.1428
14-03-2019,10.1428
13-03-2019,10.1428
12-03-2019,10.1428
11-03-2019,10.1428
08-03-2019,10.1428
07-03-2019,10.1428
06-03-2019,10.1428
05-03-2019,10.1428
01-03-2019,10.1428
28-02-2019,10.1428
27-02-2019,10.1419
26-02-2019,10.1428
25-02-2019,10.1428
22-02-2019,10.1428
21-02-2019,10.1428
20-02-2019,10.1428
18-02-2019,10.1423
15-02-2019,10.1408
14-02-2019,10.1422
13-02-2019,10.1428
12-02-2019,10.1428
11-02-2019,10.1428
08-02-2019,10.1428
07-02-2019,10.1428
06-02-2019,10.1428
05-02-2019,10.1428
04-02-2019,10.1414
01-02-2019,10.1392
31-01-2019,10.1428
30-01-2019,10.1428
29-01-2019,10.1428
28-01-2019,10.1428
25-01-2019,10.1428
24-01-2019,10.1428
23-01-2019,10.1428
22-01-2019,10.1428
21-01-2019,10.1428
18-01-2019,10.1428
17-01-2019,10.1428
16-01-2019,10.1428
15-01-2019,10.1428
14-01-2019,10.1428
11-01-2019,10.1428
10-01-2019,10.1428
09-01-2019,10.1428
08-01-2019,10.1428
07-01-2019,10.1428
04-01-2019,10.1428
03-01-2019,10.1427
02-01-2019,10.1428
01-01-2019,10.1428
31-12-2018,10.1428
28-12-2018,10.1428
27-12-2018,10.1428
26-12-2018,10.1428
24-12-2018,10.1428
21-12-2018,10.1428
20-12-2018,10.1428
19-12-2018,10.1428
18-12-2018,10.1428
17-12-2018,10.1428
14-12-2018,10.1428
13-12-2018,10.1428
12-12-2018,10.1428
11-12-2018,10.1428
10-12-2018,10.1428
07-12-2018,10.1428
06-12-2018,10.1428
05-12-2018,10.1428
04-12-2018,10.1428
03-12-2018,10.1428
30-11-2018,10.1428
29-11-2018,10.1428
28-11-2018,10.1428
27-11-2018,10.1428
26-11-2018,10.1428
22-11-2018,10.1428
20-11-2018,10.1428
19-11-2018,10.1428
16-11-2018,10.1428
15-11-2018,10.1428
14-11-2018,10.1428
13-11-2018,10.1428
12-11-2018,10.1428
09-11-2018,10.1428
06-11-2018,10.1428
05-11-2018,10.1428
02-11-2018,10.1428
01-11-2018,10.1428
31-10-2018,10.1428
30-10-2018,10.1428
29-10-2018,10.1428
26-10-2018,10.1419
25-10-2018,10.142
24-10-2018,10.1428
23-10-2018,10.1428
22-10-2018,10.1428
19-10-2018,10.1428
17-10-2018,10.1428
16-10-2018,10.1428
15-10-2018,10.1428
12-10-2018,10.1428
11-10-2018,10.1415
10-10-2018,10.1402
09-10-2018,10.1383
08-10-2018,10.1428
05-10-2018,10.1428
04-10-2018,10.1384
03-10-2018,10.1428
01-10-2018,10.1428
28-09-2018,10.1428
27-09-2018,10.1397
26-09-2018,10.1264
25-09-2018,10.1269
24-09-2018,10.1358
21-09-2018,10.1428
19-09-2018,10.1428
18-09-2018,10.1428
17-09-2018,10.1428
14-09-2018,10.1425
12-09-2018,10.1383
11-09-2018,10.1384
10-09-2018,10.1392
07-09-2018,10.1428
06-09-2018,10.1419
05-09-2018,10.14
04-09-2018,10.141
03-09-2018,10.1428
31-08-2018,10.1428
30-08-2018,10.1428
29-08-2018,10.1428
28-08-2018,10.1428
27-08-2018,10.1428
24-08-2018,10.1428
23-08-2018,10.1428
21-08-2018,10.1428
20-08-2018,10.1428
16-08-2018,10.1428
14-08-2018,10.1428
13-08-2018,10.1428
10-08-2018,10.1428
09-08-2018,10.1428
08-08-2018,10.1428
07-08-2018,10.1428
06-08-2018,10.1428
03-08-2018,10.1428
02-08-2018,10.1428
01-08-2018,10.1428
31-07-2018,10.1428
30-07-2018,10.1428
27-07-2018,10.1428
26-07-2018,10.1428
25-07-2018,10.1428
24-07-2018,10.1428
23-07-2018,10.1428
20-07-2018,10.1428
19-07-2018,10.1428
18-07-2018,10.1428
17-07-2018,10.1428
16-07-2018,10.1428
13-07-2018,10.1428
12-07-2018,10.1428
11-07-2018,10.1428
10-07-2018,10.1428
09-07-2018,10.1428
06-07-2018,10.1428
05-07-2018,10.1428
04-07-2018,10.1428
03-07-2018,10.1428
02-07-2018,10.1428
29-06-2018,10.1428
28-06-2018,10.1422
27-06-2018,10.1428
26-06-2018,10.1428
25-06-2018,10.1428
22-06-2018,10.1428
21-06-2018,10.1428
20-06-2018,10.1428
19-06-2018,10.1428
18-06-2018,10.1428
15-06-2018,10.1428
14-06-2018,10.1428
13-06-2018,10.1428
12-06-2018,10.1428
11-06-2018,10.1428
08-06-2018,10.1428
07-06-2018,10.1416
06-06-2018,10.1428
05-06-2018,10.1428
04-06-2018,10.1422
01-06-2018,10.1393
31-05-2018,10.1402
30-05-2018,10.1428
29-05-2018,10.1428
28-05-2018,10.1428
25-05-2018,10.1358
24-05-2018,10.1304
23-05-2018,10.1299
22-05-2018,10.1289
21-05-2018,10.1287
18-05-2018,10.1256
17-05-2018,10.1213
16-05-2018,10.1224
15-05-2018,10.1285
14-05-2018,10.1322
11-05-2018,10.1295
10-05-2018,10.1293
09-05-2018,10.1328
08-05-2018,10.1364
07-05-2018,10.1364
04-05-2018,10.1288
03-05-2018,10.1289
02-05-2018,10.1282
27-04-2018,10.1161
26-04-2018,10.1176
25-04-2018,10.1211
24-04-2018,10.1251
23-04-2018,10.1243
20-04-2018,10.1248
19-04-2018,10.1324
18-04-2018,10.1382
17-04-2018,10.1409
16-04-2018,10.1404
13-04-2018,10.1363
12-04-2018,10.1342
11-04-2018,10.134
10-04-2018,10.1398
09-04-2018,10.1428
06-04-2018,10.1428
05-04-2018,10.1428
04-04-2018,10.1428
03-04-2018,10.1428
31-03-2018,10.1428
28-03-2018,10.1428
27-03-2018,10.1428
26-03-2018,10.1428
23-03-2018,10.1428
22-03-2018,10.1428
21-03-2018,10.1424
20-03-2018,10.1428
19-03-2018,10.1428
16-03-2018,10.1428
15-03-2018,10.1428
14-03-2018,10.1428
13-03-2018,10.1428
12-03-2018,10.1428
09-03-2018,10.1428
08-03-2018,10.1428
07-03-2018,10.1428
06-03-2018,10.1428
05-03-2018,10.1428
01-03-2018,10.1428
28-02-2018,10.1416
27-02-2018,10.1428
26-02-2018,10.1428
23-02-2018,10.1403
22-02-2018,10.1347
21-02-2018,10.1399
20-02-2018,10.1402
16-02-2018,10.1406
15-02-2018,10.1395
14-02-2018,10.1428
12-02-2018,10.1428
09-02-2018,10.1428
08-02-2018,10.1428
07-02-2018,10.1428
06-02-2018,10.1428
05-02-2018,10.1428
02-02-2018,10.1384
01-02-2018,10.1364
31-01-2018,10.1428
30-01-2018,10.1428
29-01-2018,10.1428
25-01-2018,10.1428
24-01-2018,10.1428
23-01-2018,10.1428
22-01-2018,10.1428
19-01-2018,10.1428
18-01-2018,10.1426
17-01-2018,10.1428
16-01-2018,10.1387
15-01-2018,10.1428
12-01-2018,10.1399
11-01-2018,10.1406
10-01-2018,10.1397
09-01-2018,10.1428
08-01-2018,10.1428
05-01-2018,10.1428
04-01-2018,10.1413
03-01-2018,10.1428
02-01-2018,10.1428
01-01-2018,10.1428
29-12-2017,10.1428
28-12-2017,10.1365
27-12-2017,10.142
26-12-2017,10.1408
22-12-2017,10.1368
21-12-2017,10.137
20-12-2017,10.1404
19-12-2017,10.1428
18-12-2017,10.1428
15-12-2017,10.1418
14-12-2017,10.1428
13-12-2017,10.1426
12-12-2017,10.1425
11-12-2017,10.1428
08-12-2017,10.1428
07-12-2017,10.1428
06-12-2017,10.1428
05-12-2017,10.1428
04-12-2017,10.1428
30-11-2017,10.1428
29-11-2017,10.1428
28-11-2017,10.1428
27-11-2017,10.1428
24-11-2017,10.1415
23-11-2017,10.14
22-11-2017,10.1406
21-11-2017,10.1428
20-11-2017,10.1428
17-11-2017,10.1416
16-11-2017,10.1377
15-11-2017,10.1401
14-11-2017,10.1381
13-11-2017,10.1428
10-11-2017,10.1428
09-11-2017,10.1428
08-11-2017,10.1428
07-11-2017,10.1428
06-11-2017,10.1428
03-11-2017,10.1428
02-11-2017,10.1428
01-11-2017,10.1428
31-10-2017,10.1428
30-10-2017,10.1428
27-10-2017,10.1428
26-10-2017,10.1428
25-10-2017,10.1428
24-10-2017,10.1428
23-10-2017,10.1428
18-10-2017,10.1428
17-10-2017,10.1428
16-10-2017,10.1428
13-10-2017,10.1428
12-10-2017,10.1428
11-10-2017,10.1428
10-10-2017,10.1428
09-10-2017,10.1428
06-10-2017,10.1428
05-10-2017,10.1428
04-10-2017,10.1428
03-10-2017,10.1428
29-09-2017,10.1428
28-09-2017,10.1428
27-09-2017,10.1428
26-09-2017,10.1428
25-09-2017,10.1428
22-09-2017,10.1382
21-09-2017,10.1381
20-09-2017,10.1428
19-09-2017,10.1428
18-09-2017,10.1428
15-09-2017,10.1427
14-09-2017,10.1428
13-09-2017,10.1424
12-09-2017,10.1428
11-09-2017,10.1428
08-09-2017,10.1428
07-09-2017,10.1428
06-09-2017,10.1428
05-09-2017,10.1428
04-09-2017,10.1428
01-09-2017,10.1428
31-08-2017,10.1428
30-08-2017,10.1428
29-08-2017,10.1428
28-08-2017,10.1428
24-08-2017,10.1428
23-08-2017,10.1428
22-08-2017,10.1428
21-08-2017,10.1428
18-08-2017,10.1428
16-08-2017,10.1428
14-08-2017,10.1428
11-08-2017,10.1427
10-08-2017,10.1425
09-08-2017,10.1428
08-08-2017,10.1428
07-08-2017,10.1428
04-08-2017,10.1428
03-08-2017,10.1428
02-08-2017,10.1428
01-08-2017,10.1428
31-07-2017,10.1428
28-07-2017,10.1428
27-07-2017,10.1428
26-07-2017,10.1428
25-07-2017,10.1428
24-07-2017,10.1428
21-07-2017,10.1428
20-07-2017,10.1428
19-07-2017,10.1428
18-07-2017,10.1428
17-07-2017,10.1428
14-07-2017,10.1428
13-07-2017,10.1428
12-07-2017,10.1428
11-07-2017,10.1428
10-07-2017,10.1428
07-07-2017,10.1428
06-07-2017,10.1428
05-07-2017,10.1428
04-07-2017,10.1428
03-07-2017,10.1428
30-06-2017,10.1428
29-06-2017,10.1427
28-06-2017,10.1422
27-06-2017,10.1428
23-06-2017,10.1428
22-06-2017,10.1428
21-06-2017,10.1428
20-06-2017,10.1428
19-06-2017,10.1428
16-06-2017,10.1426
15-06-2017,10.1428
14-06-2017,10.1428
13-06-2017,10.1428
12-06-2017,10.1428
09-06-2017,10.1428
08-06-2017,10.1428
07-06-2017,10.1428
06-06-2017,10.1428
05-06-2017,10.1428
02-06-2017,10.1428
01-06-2017,10.1428
31-05-2017,10.1428
30-05-2017,10.1428
29-05-2017,10.1428
26-05-2017,10.1428
25-05-2017,10.1428
24-05-2017,10.1428
23-05-2017,10.1428
22-05-2017,10.1428
19-05-2017,10.1428
18-05-2017,10.1428
17-05-2017,10.1428
16-05-2017,10.1428
15-05-2017,10.1428
12-05-2017,10.1428
11-05-2017,10.1428
09-05-2017,10.1428
08-05-2017,10.1428
05-05-2017,10.1428
04-05-2017,10.1428
03-05-2017,10.1428
02-05-2017,10.1428
28-04-2017,10.1428
27-04-2017,10.1425
26-04-2017,10.1393
25-04-2017,10.1428
24-04-2017,10.1428
21-04-2017,10.1416
20-04-2017,10.1428
19-04-2017,10.1428
18-04-2017,10.1428
17-04-2017,10.1428
13-04-2017,10.1428
12-04-2017,10.1428
11-04-2017,10.1428
10-04-2017,10.1428
07-04-2017,10.1371
06-04-2017,10.1376
05-04-2017,10.1428
03-04-2017,10.1428
31-03-2017,10.1428
30-03-2017,10.1428
29-03-2017,10.1428
27-03-2017,10.1428
24-03-2017,10.1428
23-03-2017,10.1428
22-03-2017,10.1428
21-03-2017,10.1428
20-03-2017,10.1428
17-03-2017,10.1421
16-03-2017,10.1428
15-03-2017,10.1428
14-03-2017,10.1387
10-03-2017,10.1312
09-03-2017,10.1348
08-03-2017,10.1397
07-03-2017,10.1409
06-03-2017,10.1428
03-03-2017,10.1428
02-03-2017,10.1425
01-03-2017,10.1428
28-02-2017,10.1428
27-02-2017,10.1428
23-02-2017,10.135
22-02-2017,10.1341
20-02-2017,10.1335
17-02-2017,10.1282
16-02-2017,10.1279
15-02-2017,10.1268
14-02-2017,10.1232
13-02-2017,10.123
10-02-2017,10.1155
09-02-2017,10.1025
08-02-2017,10.1084
07-02-2017,10.1428
06-02-2017,10.1428
03-02-2017,10.1428
02-02-2017,10.1428
01-02-2017,10.1428
31-01-2017,10.1428
30-01-2017,10.1428
27-01-2017,10.1428
25-01-2017,10.1428
24-01-2017,10.1428
23-01-2017,10.1428
20-01-2017,10.1428
19-01-2017,10.1428
18-01-2017,10.1428
17-01-2017,10.1428
16-01-2017,10.1428
13-01-2017,10.1428
12-01-2017,10.1428
11-01-2017,10.1428
10-01-2017,10.1428
09-01-2017,10.1428
06-01-2017,10.1428
05-01-2017,10.1428
04-01-2017,10.1428
03-01-2017,10.1428
02-01-2017,10.1428
30-12-2016,10.1315
29-12-2016,10.123
28-12-2016,10.1147
27-12-2016,10.1155
26-12-2016,10.1183
23-12-2016,10.119
22-12-2016,10.1197
21-12-2016,10.1206
20-12-2016,10.1186
19-12-2016,10.1148
16-12-2016,10.1102
15-12-2016,10.1151
14-12-2016,10.1198
13-12-2016,10.1165
09-12-2016,10.1092
08-12-2016,10.1032
07-12-2016,10.1117
06-12-2016,10.1428
05-12-2016,10.1428
02-12-2016,10.1422
01-12-2016,10.1428
30-11-2016,10.1428
29-11-2016,10.1356
28-11-2016,10.1353
25-11-2016,10.1428
24-11-2016,10.1428
23-11-2016,10.134
22-11-2016,10.131
21-11-2016,10.131
18-11-2016,10.1237
17-11-2016,10.1245
16-11-2016,10.1245
15-11-2016,10.1025
11-11-2016,10.091
10-11-2016,10.091
09-11-2016,10.0855
08-11-2016,10.0805
07-11-2016,10.0805
04-11-2016,10.0805
03-11-2016,10.0805
02-11-2016,10.0805
01-11-2016,10.0805
28-10-2016,10.0805
27-10-2016,10.102
26-10-2016,10.102
25-10-2016,10.1014
24-10-2016,10.1031
21-10-2016,10.1031
20-10-2016,10.1024
19-10-2016,10.1031
18-10-2016,10.1031
17-10-2016,10.1031
14-10-2016,10.1006
13-10-2016,10.1031
10-10-2016,10.1031
07-10-2016,10.1016
06-10-2016,10.1031
05-10-2016,10.099
04-10-2016,10.086
03-10-2016,10.082
30-09-2016,10.076
29-09-2016,10.0746
28-09-2016,10.076
27-09-2016,10.073
26-09-2016,10.0715
23-09-2016,10.0685
22-09-2016,10.0665
21-09-2016,10.065
20-09-2016,10.065
19-09-2016,10.065
16-09-2016,10.065
15-09-2016,10.065
14-09-2016,10.065
12-09-2016,10.065
09-09-2016,10.065
08-09-2016,10.065
07-09-2016,10.064
06-09-2016,10.0615
02-09-2016,10.061
01-09-2016,10.061
31-08-2016,10.061
30-08-2016,10.061
29-08-2016,10.061
26-08-2016,10.061
25-08-2016,10.061
24-08-2016,10.061
23-08-2016,10.061
22-08-2016,10.061
19-08-2016,10.061
18-08-2016,10.061
16-08-2016,10.0705
12-08-2016,10.0705
11-08-2016,10.0705
10-08-2016,10.066
09-08-2016,10.0635
08-08-2016,10.0605
05-08-2016,10.0605
04-08-2016,10.0605
03-08-2016,10.0605
02-08-2016,10.0605
01-08-2016,10.0605
29-07-2016,10.06
28-07-2016,10.057
27-07-2016,10.053
26-07-2016,10.048
25-07-2016,10.0435
22-07-2016,10.043
21-07-2016,10.043
20-07-2016,10.0425
19-07-2016,10.039
18-07-2016,10.0485
15-07-2016,10.0485
14-07-2016,10.048
13-07-2016,10.047
12-07-2016,10.0445
11-07-2016,10.0395
08-07-2016,10.037
07-07-2016,10.0355
05-07-2016,10.034
04-07-2016,10.0315
01-07-2016,10.0315
30-06-2016,10.0315
29-06-2016,10.0315
28-06-2016,10.0315
27-06-2016,10.0315
24-06-2016,10.0315
23-06-2016,10.0315
22-06-2016,10.0315
21-06-2016,10.0315
20-06-2016,10.0315
17-06-2016,10.0315
16-06-2016,10.0315
15-06-2016,10.0315
14-06-2016,10.0315
13-06-2016,10.0315
10-06-2016,10.0315
09-06-2016,10.0315
08-06-2016,10.0315
07-06-2016,10.0315
06-06-2016,10.0315
03-06-2016,10.0315
02-06-2016,10.0315
01-06-2016,10.0315
31-05-2016,10.0315
30-05-2016,10.0315
27-05-2016,10.0315
26-05-2016,10.0315
25-05-2016,10.0315
24-05-2016,10.0315
23-05-2016,10.0315
20-05-2016,10.0315
19-05-2016,10.0315
18-05-2016,10.0315
17-05-2016,10.0315
16-05-2016,10.0315
13-05-2016,10.0315
12-05-2016,10.0315
11-05-2016,10.0315
10-05-2016,10.0315
09-05-2016,10.0315
06-05-2016,10.0315
05-05-2016,10.0315
04-05-2016,10.0315
03-05-2016,10.0315
02-05-2016,10.0315
29-04-2016,10.0315
28-04-2016,10.0313
27-04-2016,10.0315
26-04-2016,10.0315
25-04-2016,10.0315
22-04-2016,10.0395
21-04-2016,10.0386
20-04-2016,10.0395
18-04-2016,10.0395
13-04-2016,10.039
12-04-2016,10.039
11-04-2016,10.0385
07-04-2016,10.0375
06-04-2016,10.0375
05-04-2016,10.0375
04-04-2016,10.032
31-03-2016,10.032
30-03-2016,10.032
29-03-2016,10.032
28-03-2016,10.032
23-03-2016,10.0311
22-03-2016,10.032
21-03-2016,10.032
18-03-2016,10.032
17-03-2016,10.032
16-03-2016,10.032
15-03-2016,10.032
14-03-2016,10.032
11-03-2016,10.032
10-03-2016,10.032
09-03-2016,10.032
08-03-2016,10.032
04-03-2016,10.032
03-03-2016,10.032
02-03-2016,10.032
01-03-2016,10.032
29-02-2016,10.032
26-02-2016,10.0251
25-02-2016,10.0231
24-02-2016,10.0261
23-02-2016,10.0272
22-02-2016,10.032
18-02-2016,10.032
17-02-2016,10.0318
16-02-2016,10.032
15-02-2016,10.032
12-02-2016,10.032
11-02-2016,10.032
10-02-2016,10.032
09-02-2016,10.032
08-02-2016,10.032
05-02-2016,10.032
04-02-2016,10.032
03-02-2016,10.0309
02-02-2016,10.032
01-02-2016,10.032
29-01-2016,10.032
28-01-2016,10.0314
27-01-2016,10.032
25-01-2016,10.032
22-01-2016,10.032
21-01-2016,10.032
20-01-2016,10.0319
19-01-2016,10.032
18-01-2016,10.032
15-01-2016,10.0309
14-01-2016,10.0308
13-01-2016,10.0307
12-01-2016,10.0303
11-01-2016,10.032
08-01-2016,10.032
07-01-2016,10.032
06-01-2016,10.032
05-01-2016,10.032
04-01-2016,10.032
01-01-2016,10.032
31-12-2015,10.032
30-12-2015,10.032
29-12-2015,10.032
28-12-2015,10.032
23-12-2015,10.032
22-12-2015,10.032
21-12-2015,10.032
18-12-2015,10.032
17-12-2015,10.032
16-12-2015,10.032
15-12-2015,10.032
14-12-2015,10.032
11-12-2015,10.0309
10-12-2015,10.032
09-12-2015,10.0319
08-12-2015,10.0317
07-12-2015,10.032
04-12-2015,10.032
03-12-2015,10.032
02-12-2015,10.032
01-12-2015,10.032
30-11-2015,10.032
27-11-2015,10.032
26-11-2015,10.032
24-11-2015,10.032
23-11-2015,10.032
20-11-2015,10.032
19-11-2015,10.032
18-11-2015,10.032
17-11-2015,10.032
16-11-2015,10.032
13-11-2015,10.032
10-11-2015,10.032
09-11-2015,10.032
06-11-2015,10.032
05-11-2015,10.0314
04-11-2015,10.0292
03-11-2015,10.032
02-11-2015,10.032
30-10-2015,10.032
29-10-2015,10.032
28-10-2015,10.032
27-10-2015,10.032
26-10-2015,10.032
23-10-2015,10.032
21-10-2015,10.032
20-10-2015,10.032
19-10-2015,10.032
16-10-2015,10.032
15-10-2015,10.032
14-10-2015,10.032
13-10-2015,10.032
12-10-2015,10.032
09-10-2015,10.032
08-10-2015,10.032
07-10-2015,10.032
06-10-2015,10.032
05-10-2015,10.032
01-10-2015,10.0315
30-09-2015,10.0315
29-09-2015,10.0315
28-09-2015,10.0315
24-09-2015,10.0315
23-09-2015,10.0315
22-09-2015,10.0315
21-09-2015,10.0315
18-09-2015,10.0315
16-09-2015,10.0315
15-09-2015,10.0315
14-09-2015,10.0315
11-09-2015,10.0295
10-09-2015,10.0284
09-09-2015,10.0315
08-09-2015,10.0315
07-09-2015,10.0315
04-09-2015,10.0315
03-09-2015,10.0315
02-09-2015,10.0315
01-09-2015,10.0315
31-08-2015,10.0315
28-08-2015,10.0315
27-08-2015,10.0315
26-08-2015,10.0315
25-08-2015,10.0315
24-08-2015,10.0315
21-08-2015,10.0315
20-08-2015,10.0315
19-08-2015,10.0315
17-08-2015,10.0315
14-08-2015,10.0315
13-08-2015,10.0315
12-08-2015,10.0315
11-08-2015,10.0315
10-08-2015,10.0315
07-08-2015,10.0315
06-08-2015,10.0315
05-08-2015,10.0315
04-08-2015,10.0315
03-08-2015,10.0315
31-07-2015,10.0315
30-07-2015,10.0315
29-07-2015,10.0315
28-07-2015,10.0315
27-07-2015,10.0315
24-07-2015,10.0315
23-07-2015,10.0315
22-07-2015,10.0315
21-07-2015,10.0315
20-07-2015,10.0315
17-07-2015,10.0315
16-07-2015,10.0315
15-07-2015,10.0315
14-07-2015,10.0315
13-07-2015,10.0315
10-07-2015,10.0315
09-07-2015,10.0315
08-07-2015,10.0315
07-07-2015,10.0315
06-07-2015,10.0315
03-07-2015,10.0315
02-07-2015,10.0315
01-07-2015,10.0315
30-06-2015,10.0315
29-06-2015,10.0315
26-06-2015,10.0315
25-06-2015,10.0315
24-06-2015,10.0315
23-06-2015,10.0315
22-06-2015,10.0315
19-06-2015,10.0315
18-06-2015,10.0315
17-06-2015,10.0315
16-06-2015,10.0315
15-06-2015,10.0315
12-06-2015,10.0315
11-06-2015,10.0315
10-06-2015,10.0315
09-06-2015,10.0315
08-06-2015,10.0315
05-06-2015,10.0315
04-06-2015,10.0315
03-06-2015,10.0315
02-06-2015,10.0309
01-06-2015,10.0315
29-05-2015,10.0315
28-05-2015,10.0315
27-05-2015,10.0315
26-05-2015,10.0315
25-05-2015,10.0315
22-05-2015,10.0315
21-05-2015,10.0315
20-05-2015,10.0315
19-05-2015,10.0315
18-05-2015,10.0315
15-05-2015,10.0315
14-05-2015,10.0315
13-05-2015,10.0315
12-05-2015,10.0315
11-05-2015,10.0315
08-05-2015,10.0315
07-05-2015,10.0307
06-05-2015,10.0315
05-05-2015,10.0315
30-04-2015,10.0315
29-04-2015,10.0315
28-04-2015,10.0315
27-04-2015,10.0315
24-04-2015,10.0315
23-04-2015,10.0315
22-04-2015,10.0315
21-04-2015,10.0315
20-04-2015,10.0315
17-04-2015,10.0315
16-04-2015,10.0315
15-04-2015,10.0315
13-04-2015,10.0315
10-04-2015,10.0315
09-04-2015,10.0315
08-04-2015,10.0315
07-04-2015,10.0315
06-04-2015,10.0315
31-03-2015,10.0315
30-03-2015,10.0315
27-03-2015,10.0315
26-03-2015,10.0315
25-03-2015,10.0315
24-03-2015,10.0315
23-03-2015,10.0315
20-03-2015,10.0315
19-03-2015,10.0315
18-03-2015,10.0315
17-03-2015,10.0315
16-03-2015,10.0315
13-03-2015,10.0315
12-03-2015,10.0315
11-03-2015,10.0315
10-03-2015,10.0315
09-03-2015,10.0315
05-03-2015,10.0315
04-03-2015,10.0315
03-03-2015,10.0315
02-03-2015,10.0315
27-02-2015,10.0315
26-02-2015,10.0315
25-02-2015,10.0315
24-02-2015,10.0315
23-02-2015,10.0315
20-02-2015,10.0315
18-02-2015,10.0315
16-02-2015,10.0315
13-02-2015,10.0315
12-02-2015,10.0302
11-02-2015,10.0315
10-02-2015,10.0315
09-02-2015,10.0315
06-02-2015,10.0309
05-02-2015,10.0308
04-02-2015,10.0315
03-02-2015,10.0312
02-02-2015,10.0315
30-01-2015,10.0315
29-01-2015,10.0315
28-01-2015,10.0315
27-01-2015,10.0315
23-01-2015,10.0315
22-01-2015,10.0315
21-01-2015,10.0315
20-01-2015,10.0315
19-01-2015,10.0315
16-01-2015,10.0315
15-01-2015,10.0315
14-01-2015,10.0315
13-01-2015,10.0315
12-01-2015,10.0315
09-01-2015,10.0315
08-01-2015,10.0315
07-01-2015,10.0315
06-01-2015,10.0315
05-01-2015,10.0315
02-01-2015,10.0315
01-01-2015,10.0315
31-12-2014,10.0315
30-12-2014,10.0315
29-12-2014,10.0315
26-12-2014,10.0315
24-12-2014,10.0315
23-12-2014,10.0315
22-12-2014,10.0315
19-12-2014,10.0315
18-12-2014,10.0315
17-12-2014,10.029
16-12-2014,10.0287
15-12-2014,10.0315
12-12-2014,10.0315
11-12-2014,10.0315
10-12-2014,10.0315
09-12-2014,10.0315
08-12-2014,10.0315
05-12-2014,10.0315
04-12-2014,10.0315
03-12-2014,10.0315
02-12-2014,10.0315
01-12-2014,10.0315
28-11-2014,10.0315
27-11-2014,10.0315
26-11-2014,10.0315
25-11-2014,10.0315
24-11-2014,10.0315
21-11-2014,10.0315
20-11-2014,10.0315
19-11-2014,10.0315
18-11-2014,10.0315
17-11-2014,10.0315
14-11-2014,10.0315
13-11-2014,10.0315
12-11-2014,10.0315
11-11-2014,10.0315
10-11-2014,10.0315
07-11-2014,10.0315
05-11-2014,10.0315
03-11-2014,10.0315
31-10-2014,10.0315
30-10-2014,10.0315
29-10-2014,10.0315
28-10-2014,10.0315
27-10-2014,10.0315
22-10-2014,10.0315
21-10-2014,10.0315
20-10-2014,10.0315
17-10-2014,10.0315
16-10-2014,10.0315
14-10-2014,10.0315
13-10-2014,10.0315
10-10-2014,10.0315
09-10-2014,10.0315
08-10-2014,10.0315
07-10-2014,10.0315
01-10-2014,10.0315
30-09-2014,10.0315
29-09-2014,10.0315
26-09-2014,10.0315
25-09-2014,10.0315
24-09-2014,10.0315
23-09-2014,10.0315
22-09-2014,10.0315
19-09-2014,10.0315
18-09-2014,10.0315
17-09-2014,10.0315
16-09-2014,10.0315
15-09-2014,10.0315
12-09-2014,10.0315
11-09-2014,10.0315
10-09-2014,10.0315
09-09-2014,10.0315
08-09-2014,10.0315
05-09-2014,10.0315
04-09-2014,10.0315
03-09-2014,10.0315
02-09-2014,10.0315
01-09-2014,10.0315
28-08-2014,10.0315
27-08-2014,10.0315
26-08-2014,10.0315
25-08-2014,10.0315
22-08-2014,10.0315
21-08-2014,10.0315
20-08-2014,10.0315
19-08-2014,10.0315
14-08-2014,10.0315
13-08-2014,10.0315
12-08-2014,10.0315
11-08-2014,10.0315
08-08-2014,10.0315
07-08-2014,10.0315
06-08-2014,10.0315
05-08-2014,10.0315
04-08-2014,10.0315
01-08-2014,10.0315
31-07-2014,10.0315
30-07-2014,10.0315
28-07-2014,10.0315
25-07-2014,10.0315
24-07-2014,10.0315
23-07-2014,10.0315
22-07-2014,10.0315
21-07-2014,10.0315
18-07-2014,10.0315
17-07-2014,10.0315
16-07-2014,10.0315
15-07-2014,10.0315
14-07-2014,10.0315
11-07-2014,10.0282
10-07-2014,10.0315
09-07-2014,10.0315
08-07-2014,10.0315
07-07-2014,10.0315
04-07-2014,10.0315
03-07-2014,10.0315
02-07-2014,10.0315
30-06-2014,10.0315
27-06-2014,10.0315
26-06-2014,10.0315
25-06-2014,10.0315
24-06-2014,10.0315
23-06-2014,10.0315
20-06-2014,10.0315
19-06-2014,10.0315
18-06-2014,10.0315
17-06-2014,10.0315
16-06-2014,10.0315
13-06-2014,10.0315
12-06-2014,10.0315
11-06-2014,10.0315
10-06-2014,10.0315
09-06-2014,10.0315
06-06-2014,10.0315
05-06-2014,10.0315
04-06-2014,10.0315
03-06-2014,10.0315
02-06-2014,10.0315
30-05-2014,10.0315
29-05-2014,10.0315
28-05-2014,10.0315
27-05-2014,10.0315
26-05-2014,10.0315
23-05-2014,10.0315
22-05-2014,10.0315
21-05-2014,10.0315
20-05-2014,10.0315
19-05-2014,10.0315
16-05-2014,10.0315
15-05-2014,10.0315
13-05-2014,10.0315
12-05-2014,10.0315
09-05-2014,10.0315
08-05-2014,10.0315
07-05-2014,10.0315
06-05-2014,10.0315
05-05-2014,10.0315
02-05-2014,10.0315
30-04-2014,10.0315
29-04-2014,10.0315
28-04-2014,10.0315
25-04-2014,10.0315
23-04-2014,10.0315
22-04-2014,10.0315
21-04-2014,10.0315
17-04-2014,10.0315
16-04-2014,10.0315
15-04-2014,10.0315
11-04-2014,10.0315
10-04-2014,10.0315
09-04-2014,10.0315
07-04-2014,10.0315
04-04-2014,10.0315
03-04-2014,10.0315
02-04-2014,10.0315
31-03-2014,10.0315
28-03-2014,10.0315
27-03-2014,10.0315
26-03-2014,10.0315
25-03-2014,10.0315
24-03-2014,10.0315
21-03-2014,10.0315
20-03-2014,10.0315
19-03-2014,10.0315
18-03-2014,10.0315
14-03-2014,10.0315
13-03-2014,10.0315
12-03-2014,10.0315
11-03-2014,10.0315
10-03-2014,10.0315
07-03-2014,10.0315
06-03-2014,10.0315
05-03-2014,10.0315
04-03-2014,10.0315
03-03-2014,10.0315
28-02-2014,10.0315
26-02-2014,10.0315
25-02-2014,10.0315
24-02-2014,10.0315
21-02-2014,10.0315
20-02-2014,10.0315
18-02-2014,10.0315
17-02-2014,10.0315
14-02-2014,10.0315
13-02-2014,10.0315
12-02-2014,10.0315
11-02-2014,10.0315
10-02-2014,10.0315
07-02-2014,10.0315
06-02-2014,10.0315
05-02-2014,10.0315
04-02-2014,10.0315
03-02-2014,10.0315
31-01-2014,10.0315
30-01-2014,10.0315
29-01-2014,10.0315
28-01-2014,10.031
27-01-2014,10.0315
24-01-2014,10.0315
23-01-2014,10.0315
22-01-2014,10.0315
21-01-2014,10.0315
20-01-2014,10.0315
17-01-2014,10.0315
16-01-2014,10.0315
15-01-2014,10.0315
13-01-2014,10.0315
10-01-2014,10.0315
09-01-2014,10.0315
08-01-2014,10.0315
07-01-2014,10.0315
06-01-2014,10.0315
03-01-2014,10.0315
02-01-2014,10.0315
01-01-2014,10.0315
31-12-2013,10.0315
30-12-2013,10.0315
27-12-2013,10.0315
26-12-2013,10.0315
24-12-2013,10.0315
23-12-2013,10.0315
20-12-2013,10.0315
19-12-2013,10.0315
18-12-2013,10.0315
17-12-2013,10.0315
16-12-2013,10.0315
13-12-2013,10.0304
12-12-2013,10.0315
11-12-2013,10.0315
10-12-2013,10.0315
09-12-2013,10.0315
06-12-2013,10.0315
05-12-2013,10.0315
04-12-2013,10.0315
03-12-2013,10.0315
02-12-2013,10.0315
29-11-2013,10.0315
28-11-2013,10.0315
27-11-2013,10.0315
26-11-2013,10.0315
25-11-2013,10.0315
22-11-2013,10.0315
21-11-2013,10.0315
20-11-2013,10.0315
19-11-2013,10.0315
18-11-2013,10.0315
14-11-2013,10.0306
13-11-2013,10.0315
12-11-2013,10.0309
11-11-2013,10.0315
08-11-2013,10.0315
07-11-2013,10.0307
06-11-2013,10.0315
05-11-2013,10.0315
01-11-2013,10.0315
31-10-2013,10.0315
30-10-2013,10.0315
29-10-2013,10.0315
28-10-2013,10.0315
25-10-2013,10.0315
24-10-2013,10.0315
23-10-2013,10.0315
22-10-2013,10.0315
21-10-2013,10.0315
18-10-2013,10.0315
17-10-2013,10.0315
15-10-2013,10.0315
14-10-2013,10.0315
11-10-2013,10.0315
10-10-2013,10.0315
09-10-2013,10.0315
08-10-2013,10.0315
07-10-2013,10.0315
04-10-2013,10.0315
03-10-2013,10.0315
01-10-2013,10.0315
30-09-2013,10.0315
27-09-2013,10.0315
26-09-2013,10.0315
25-09-2013,10.0315
24-09-2013,10.0315
23-09-2013,10.0315
20-09-2013,10.0315
19-09-2013,10.0315
18-09-2013,10.0315
17-09-2013,10.0315
16-09-2013,10.0315
13-09-2013,10.0315
12-09-2013,10.0315
11-09-2013,10.0315
10-09-2013,10.0315
06-09-2013,10.0315
05-09-2013,10.0315
04-09-2013,10.0315
03-09-2013,10.0315
02-09-2013,10.0315
30-08-2013,10.0293
29-08-2013,10.0224
28-08-2013,10.0198
27-08-2013,10.0288
26-08-2013,10.0315
23-08-2013,10.0245
22-08-2013,10.0199
21-08-2013,10.019
20-08-2013,9.9995
19-08-2013,9.996
16-08-2013,10.0056
14-08-2013,10.0085
13-08-2013,10.0098
12-08-2013,10.0119
08-08-2013,10.0084
07-08-2013,10.0055
06-08-2013,10.0013
05-08-2013,10.0005
02-08-2013,9.9908
01-08-2013,9.9865
31-07-2013,9.9827
30-07-2013,9.9812
29-07-2013,9.9782
26-07-2013,9.971
25-07-2013,9.9662
24-07-2013,9.9607
23-07-2013,9.9848
22-07-2013,9.9992
19-07-2013,9.9947
18-07-2013,9.9913
17-07-2013,9.9764
16-07-2013,9.9665
15-07-2013,10.0315
12-07-2013,10.0315
11-07-2013,10.0315
10-07-2013,10.0315
09-07-2013,10.0315
08-07-2013,10.0315
05-07-2013,10.0315
04-07-2013,10.0315
03-07-2013,10.0315
02-07-2013,10.0315
28-06-2013,10.0315
27-06-2013,10.0315
26-06-2013,10.0315
25-06-2013,10.0315
24-06-2013,10.0315
21-06-2013,10.0315
20-06-2013,10.0315
19-06-2013,10.0315
18-06-2013,10.0315
17-06-2013,10.0315
14-06-2013,10.0315
13-06-2013,10.0315
12-06-2013,10.0315
11-06-2013,10.0315
10-06-2013,10.0315
07-06-2013,10.0315
06-06-2013,10.0315
05-06-2013,10.0315
04-06-2013,10.0315
03-06-2013,10.0315
31-05-2013,10.0315
30-05-2013,10.0315
29-05-2013,10.0315
28-05-2013,10.0315
27-05-2013,10.0315
24-05-2013,10.0315
23-05-2013,10.0315
22-05-2013,10.0315
21-05-2013,10.0315
20-05-2013,10.0315
17-05-2013,10.0315
16-05-2013,10.0315
15-05-2013,10.0315
14-05-2013,10.0315
13-05-2013,10.0315
10-05-2013,10.0315
09-05-2013,10.0315
08-05-2013,10.0315
07-05-2013,10.0315
06-05-2013,10.0315
03-05-2013,10.0315
02-05-2013,10.0315
30-04-2013,10.0315
29-04-2013,10.0315
26-04-2013,10.0315
25-04-2013,10.0315
23-04-2013,10.0315
22-04-2013,10.0315
18-04-2013,10.0315
17-04-2013,10.0315
16-04-2013,10.0315
15-04-2013,10.0315
12-04-2013,10.0315
10-04-2013,10.0315
09-04-2013,10.0315
08-04-2013,10.0315
05-04-2013,10.0315
04-04-2013,10.0315
03-04-2013,10.0315
02-04-2013,10.0315
28-03-2013,10.0315
26-03-2013,10.0315
25-03-2013,10.0315
22-03-2013,10.0315
21-03-2013,10.0315
20-03-2013,10.0315
19-03-2013,10.0315
18-03-2013,10.0315
15-03-2013,10.0315
14-03-2013,10.0315
13-03-2013,10.0315
12-03-2013,10.0315
11-03-2013,10.0315
08-03-2013,10.0315
07-03-2013,10.0315
06-03-2013,10.0315
05-03-2013,10.0315
04-03-2013,10.0315
01-03-2013,10.0315
28-02-2013,10.0315
27-02-2013,10.0315
26-02-2013,10.0315
25-02-2013,10.0315
22-02-2013,10.0315
21-02-2013,10.0315
20-02-2013,10.0315
18-02-2013,10.0315
15-02-2013,10.0315
14-02-2013,10.0315
13-02-2013,10.0315
12-02-2013,10.0315
11-02-2013,10.0315
08-02-2013,10.0315
07-02-2013,10.0315
06-02-2013,10.0315
05-02-2013,10.0315
04-02-2013,10.0315
01-02-2013,10.0315
31-01-2013,10.0315
30-01-2013,10.0315
29-01-2013,10.0315
28-01-2013,10.0315
24-01-2013,10.0315
23-01-2013,10.0315
22-01-2013,10.0315
21-01-2013,10.0315
18-01-2013,10.0315
17-01-2013,10.0315
16-01-2013,10.0315
15-01-2013,10.0315
14-01-2013,10.0315
11-01-2013,10.0315
10-01-2013,10.0315
09-01-2013,10.0315
08-01-2013,10.0315
07-01-2013,10.0315
04-01-2013,10.0315
03-01-2013,10.0315
02-01-2013,10.0315
01-01-2013,10.0315
31-12-2012,10.0315
28-12-2012,10.0315
27-12-2012,10.0315
26-12-2012,10.0315
24-12-2012,10.0315
21-12-2012,10.0315
20-12-2012,10.0315
19-12-2012,10.0315
18-12-2012,10.0315
17-12-2012,10.0315
14-12-2012,10.0315
13-12-2012,10.0315
12-12-2012,10.0315
11-12-2012,10.0315
10-12-2012,10.0315
07-12-2012,10.0315
06-12-2012,10.0315
05-12-2012,10.0315
04-12-2012,10.0315
03-12-2012,10.0315
30-11-2012,10.0315
29-11-2012,10.0315
27-11-2012,10.0315
26-11-2012,10.0315
23-11-2012,10.0315
22-11-2012,10.0315
21-11-2012,10.0315
20-11-2012,10.0315
19-11-2012,10.0315
16-11-2012,10.0315
15-11-2012,10.0315
12-11-2012,10.0315
09-11-2012,10.0315
08-11-2012,10.0315
07-11-2012,10.0315
06-11-2012,10.0315
05-11-2012,10.0315
02-11-2012,10.0315
01-11-2012,10.0315
31-10-2012,10.0315
30-10-2012,10.0315
29-10-2012,10.0315
25-10-2012,10.0315
23-10-2012,10.0315
22-10-2012,10.0315
19-10-2012,10.0315
18-10-2012,10.0315
17-10-2012,10.0315
16-10-2012,10.0315
15-10-2012,10.0315
12-10-2012,10.0315
11-10-2012,10.0315
10-10-2012,10.0315
09-10-2012,10.0315
08-10-2012,10.0315
05-10-2012,10.0315
04-10-2012,10.0315
03-10-2012,10.0315
01-10-2012,10.0315
28-09-2012,10.0315
27-09-2012,10.0315
26-09-2012,10.0315
25-09-2012,10.0315
24-09-2012,10.0315
21-09-2012,10.0315
20-09-2012,10.0315
18-09-2012,10.0315
17-09-2012,10.0315
14-09-2012,10.0315
13-09-2012,10.0315
12-09-2012,10.0315
11-09-2012,10.0315
10-09-2012,10.0315
07-09-2012,10.0315
06-09-2012,10.0315
05-09-2012,10.0315
04-09-2012,10.0315
03-09-2012,10.0315
31-08-2012,10.0315
30-08-2012,10.0315
29-08-2012,10.0315
28-08-2012,10.0315
27-08-2012,10.0315
24-08-2012,10.0315
23-08-2012,10.0315
22-08-2012,10.0315
21-08-2012,10.0315
17-08-2012,10.0315
16-08-2012,10.0315
14-08-2012,10.0315
13-08-2012,10.0315
10-08-2012,10.0315
09-08-2012,10.0315
08-08-2012,10.0315
07-08-2012,10.0315
06-08-2012,10.0315
03-08-2012,10.0315
02-08-2012,10.0315
01-08-2012,10.0315
31-07-2012,10.0315
30-07-2012,10.0315
27-07-2012,10.0315
26-07-2012,10.0315
25-07-2012,10.0315
24-07-2012,10.0315
23-07-2012,10.0315
20-07-2012,10.0315
19-07-2012,10.0315
18-07-2012,10.0315
17-07-2012,10.0315
16-07-2012,10.0315
13-07-2012,10.0315
12-07-2012,10.0315
11-07-2012,10.0315
10-07-2012,10.0315
09-07-2012,10.0315
06-07-2012,10.0315
05-07-2012,10.0315
04-07-2012,10.0315
03-07-2012,10.0315
29-06-2012,10.0315
28-06-2012,10.0315
27-06-2012,10.0315
26-06-2012,10.0315
25-06-2012,10.0315
22-06-2012,10.0315
21-06-2012,10.0315
20-06-2012,10.0315
19-06-2012,10.0315
18-06-2012,10.0315
15-06-2012,10.0315
14-06-2012,10.0315
13-06-2012,10.0315
12-06-2012,10.0315
11-06-2012,10.0315
08-06-2012,10.0315
07-06-2012,10.0315
06-06-2012,10.0315
05-06-2012,10.0315
04-06-2012,10.0315
01-06-2012,10.0315
31-05-2012,10.0315
30-05-2012,10.0315
29-05-2012,10.0315
28-05-2012,10.0315
25-05-2012,10.0315
24-05-2012,10.0315
23-05-2012,10.0315
22-05-2012,10.0315
21-05-2012,10.0315
18-05-2012,10.0315
17-05-2012,10.0315
16-05-2012,10.0315
15-05-2012,10.0315
14-05-2012,10.0315
11-05-2012,10.0315
10-05-2012,10.0315
09-05-2012,10.0315
08-05-2012,10.0315
07-05-2012,10.0315
04-05-2012,10.0315
03-05-2012,10.0315
02-05-2012,10.0315
30-04-2012,10.0315
27-04-2012,10.0315
26-04-2012,10.0315
25-04-2012,10.0315
24-04-2012,10.0315
23-04-2012,10.0315
20-04-2012,10.0315
19-04-2012,10.0315
18-04-2012,10.0315
17-04-2012,10.0315
16-04-2012,10.0315
13-04-2012,10.0315
12-04-2012,10.0315
11-04-2012,10.0315
10-04-2012,10.0315
09-04-2012,10.0315
04-04-2012,10.0315
03-04-2012,10.0315
30-03-2012,10.0315
29-03-2012,10.0315
28-03-2012,10.0315
27-03-2012,10.0315
26-03-2012,10.0315
22-03-2012,10.0315
21-03-2012,10.0315
20-03-2012,10.0315
19-03-2012,10.0315
16-03-2012,10.0315
15-03-2012,10.0315
14-03-2012,10.0315
13-03-2012,10.0315
12-03-2012,10.0315
09-03-2012,10.0315
07-03-2012,10.0315
06-03-2012,10.0315
05-03-2012,10.0315
02-03-2012,10.0315
01-03-2012,10.0315
29-02-2012,10.0315
28-02-2012,10.0315
27-02-2012,10.0315
24-02-2012,10.0315
23-02-2012,10.0315
22-02-2012,10.0315
21-02-2012,10.0315
17-02-2012,10.0315
15-02-2012,10.0315
14-02-2012,10.0315
13-02-2012,10.0315
10-02-2012,10.0315
09-02-2012,10.0315
08-02-2012,10.0315
07-02-2012,10.0315
06-02-2012,10.0315
03-02-2012,10.0315
02-02-2012,10.0315
01-02-2012,10.0315
31-01-2012,10.0315
30-01-2012,10.0315
27-01-2012,10.0315
25-01-2012,10.0315
24-01-2012,10.0315
23-01-2012,10.0315
20-01-2012,10.0315
19-01-2012,10.0315
18-01-2012,10.0315
17-01-2012,10.0315
16-01-2012,10.0315
13-01-2012,10.0315
12-01-2012,10.0315
11-01-2012,10.0315
10-01-2012,10.0315
09-01-2012,10.0315
06-01-2012,10.0315
05-01-2012,10.0315
04-01-2012,10.0315
03-01-2012,10.0315
02-01-2012,10.0315
30-12-2011,10.0315
29-12-2011,10.0315
28-12-2011,10.0315
27-12-2011,10.0315
26-12-2011,10.0315
23-12-2011,10.0315
22-12-2011,10.0315
21-12-2011,10.0315
20-12-2011,10.0315
19-12-2011,10.0315
16-12-2011,10.0315
15-12-2011,10.0315
14-12-2011,10.0315
13-12-2011,10.0315
12-12-2011,10.0315
09-12-2011,10.0315
08-12-2011,10.0315
07-12-2011,10.0315
05-12-2011,10.0315
02-12-2011,10.0315
01-12-2011,10.0315
30-11-2011,10.0315
29-11-2011,10.0315
28-11-2011,10.0315
25-11-2011,10.0315
24-11-2011,10.0315
23-11-2011,10.0315
22-11-2011,10.0315
21-11-2011,10.0315
18-11-2011,10.0315
17-11-2011,10.0315
16-11-2011,10.0315
15-11-2011,10.0315
14-11-2011,10.0315
11-11-2011,10.0315
09-11-2011,10.0315
08-11-2011,10.0315
04-11-2011,10.0315
03-11-2011,10.0315
02-11-2011,10.0315
01-11-2011,10.0315
31-10-2011,10.0315
28-10-2011,10.0315
25-10-2011,10.0315
24-10-2011,10.0315
21-10-2011,10.0315
20-10-2011,10.0315
19-10-2011,10.0315
18-10-2011,10.0315
17-10-2011,10.0315
14-10-2011,10.0315
13-10-2011,10.0315
12-10-2011,10.0315
11-10-2011,10.0315
10-10-2011,10.0315
07-10-2011,10.0315
05-10-2011,10.0315
04-10-2011,10.0315
03-10-2011,10.0315
29-09-2011,10.0315
28-09-2011,10.0315
27-09-2011,10.0315
26-09-2011,10.0315
23-09-2011,10.0315
22-09-2011,10.0315
21-09-2011,10.0315
20-09-2011,10.0315
19-09-2011,10.0315
16-09-2011,10.0315
15-09-2011,10.0315
14-09-2011,10.0315
13-09-2011,10.0315
12-09-2011,10.0315
09-09-2011,10.0315
08-09-2011,10.0315
07-09-2011,10.0315
06-09-2011,10.0315
05-09-2011,10.0315
02-09-2011,10.0315
30-08-2011,10.0315
29-08-2011,10.0315
26-08-2011,10.0315
25-08-2011,10.0315
24-08-2011,10.0315
23-08-2011,10.0315
22-08-2011,10.0315
18-08-2011,10.0315
17-08-2011,10.0315
16-08-2011,10.0315
12-08-2011,10.0315
11-08-2011,10.0315
10-08-2011,10.0315
09-08-2011,10.0315
08-08-2011,10.0315
05-08-2011,10.0315
04-08-2011,10.0315
03-08-2011,10.0315
02-08-2011,10.0315
01-08-2011,10.0315
29-07-2011,10.0315
28-07-2011,10.0315
27-07-2011,10.0315
26-07-2011,10.0315
25-07-2011,10.0315
22-07-2011,10.0315
21-07-2011,10.0315
20-07-2011,10.0315
19-07-2011,10.0315
18-07-2011,10.0315
15-07-2011,10.0315
14-07-2011,10.0315
13-07-2011,10.0315
12-07-2011,10.0315
11-07-2011,10.0315
08-07-2011,10.0315
07-07-2011,10.0315
06-07-2011,10.0315
05-07-2011,10.0315
04-07-2011,10.0315
30-06-2011,10.0315
29-06-2011,10.0315
28-06-2011,10.0315
27-06-2011,10.0315
24-06-2011,10.0315
23-06-2011,10.0315
22-06-2011,10.0315
21-06-2011,10.0315
20-06-2011,10.0315
17-06-2011,10.0315
16-06-2011,10.0315
15-06-2011,10.0315
14-06-2011,10.0315
13-06-2011,10.0315
10-06-2011,10.0315
09-06-2011,10.0315
08-06-2011,10.0315
07-06-2011,10.0315
06-06-2011,10.0315
03-06-2011,10.0315
02-06-2011,10.0315
01-06-2011,10.0315
31-05-2011,10.0315
30-05-2011,10.0315
27-05-2011,10.0315
26-05-2011,10.0315
25-05-2011,10.0315
24-05-2011,10.0315
23-05-2011,10.0315
20-05-2011,10.0315
19-05-2011,10.0315
18-05-2011,10.0315
16-05-2011,10.0315
13-05-2011,10.0315
12-05-2011,10.0315
11-05-2011,10.0315
10-05-2011,10.0315
09-05-2011,10.0315
06-05-2011,10.0315
05-05-2011,10.0315
04-05-2011,10.0315
03-05-2011,10.0315
02-05-2011,10.0315
29-04-2011,10.0315
28-04-2011,10.0315
27-04-2011,10.0315
26-04-2011,10.0315
25-04-2011,10.0315
21-04-2011,10.0315
20-04-2011,10.0315
19-04-2011,10.0315
18-04-2011,10.0315
15-04-2011,10.0315
13-04-2011,10.0315
11-04-2011,10.0315
08-04-2011,10.0315
07-04-2011,10.0315
06-04-2011,10.0315
05-04-2011,10.0315
31-03-2011,10.0315
30-03-2011,10.0315
29-03-2011,10.0315
28-03-2011,10.0315
25-03-2011,10.0315
24-03-2011,10.0315
23-03-2011,10.0315
22-03-2011,10.0315
21-03-2011,10.0315
18-03-2011,10.0315
17-03-2011,10.0315
16-03-2011,10.0315
15-03-2011,10.0315
14-03-2011,10.0315
11-03-2011,10.0315
10-03-2011,10.0315
09-03-2011,10.0315
08-03-2011,10.0315
07-03-2011,10.0315
04-03-2011,10.0315
03-03-2011,10.0315
01-03-2011,10.0315
28-02-2011,10.0315
25-02-2011,10.0315
24-02-2011,10.0315
23-02-2011,10.0315
22-02-2011,10.0315
21-02-2011,10.0315
18-02-2011,10.0315
17-02-2011,10.0315
15-02-2011,10.0315
14-02-2011,10.0315
11-02-2011,10.0315
10-02-2011,10.0315
09-02-2011,10.0315
08-02-2011,10.0315
07-02-2011,10.0315
04-02-2011,10.0315
03-02-2011,10.0315
02-02-2011,10.0315
01-02-2011,10.0315
31-01-2011,10.0315
28-01-2011,10.0315
27-01-2011,10.0315
25-01-2011,10.0315
24-01-2011,10.0315
21-01-2011,10.0315
20-01-2011,10.0315
19-01-2011,10.0315
18-01-2011,10.0315
17-01-2011,10.0315
14-01-2011,10.0315
13-01-2011,10.0315
12-01-2011,10.0315
11-01-2011,10.0315
10-01-2011,10.0315
07-01-2011,10.0315
06-01-2011,10.0315
05-01-2011,10.0315
04-01-2011,10.0315
03-01-2011,10.0315
31-12-2010,10.0315
30-12-2010,10.0315
29-12-2010,10.0315
28-12-2010,10.0315
27-12-2010,10.0315
24-12-2010,10.0315
23-12-2010,10.0315
22-12-2010,10.0315
21-12-2010,10.0315
20-12-2010,10.0315
16-12-2010,10.0315
15-12-2010,10.0315
14-12-2010,10.0315
13-12-2010,10.0315
10-12-2010,10.0315
09-12-2010,10.0315
08-12-2010,10.0315
07-12-2010,10.0315
06-12-2010,10.0315
03-12-2010,10.0315
02-12-2010,10.0315
01-12-2010,10.0315
30-11-2010,10.0315
29-11-2010,10.0315
26-11-2010,10.0315
25-11-2010,10.0315
24-11-2010,10.0315
23-11-2010,10.0315
22-11-2010,10.0315
19-11-2010,10.0315
18-11-2010,10.0315
16-11-2010,10.0315
15-11-2010,10.0315
12-11-2010,10.0315
11-11-2010,10.0315
10-11-2010,10.0315
09-11-2010,10.0315
08-11-2010,10.0315
04-11-2010,10.0315
03-11-2010,10.0315
02-11-2010,10.0315
01-11-2010,10.0315
29-10-2010,10.0315
28-10-2010,10.0315
27-10-2010,10.0315
26-10-2010,10.0315
25-10-2010,10.0315
22-10-2010,10.0315
21-10-2010,10.0315
20-10-2010,10.0315
19-10-2010,10.0315
18-10-2010,10.0315
15-10-2010,10.0315
14-10-2010,10.0315
13-10-2010,10.0315
12-10-2010,10.0315
11-10-2010,10.0315
08-10-2010,10.0315
07-10-2010,10.0315
06-10-2010,10.0315
05-10-2010,10.0315
04-10-2010,10.0315
01-10-2010,10.0315
29-09-2010,10.0315
28-09-2010,10.0315
27-09-2010,10.0315
24-09-2010,10.0315
23-09-2010,10.0315
22-09-2010,10.0315
21-09-2010,10.0315
20-09-2010,10.0315
17-09-2010,10.0315
16-09-2010,10.0315
15-09-2010,10.0315
14-09-2010,10.0315
13-09-2010,10.0315
09-09-2010,10.0315
08-09-2010,10.0315
07-09-2010,10.0315
06-09-2010,10.0315
03-09-2010,10.0315
02-09-2010,10.0315
01-09-2010,10.0315
31-08-2010,10.0315
30-08-2010,10.0315
27-08-2010,10.0315
26-08-2010,10.0315
25-08-2010,10.0315
24-08-2010,10.0315
23-08-2010,10.0315
20-08-2010,10.0315
18-08-2010,10.0315
17-08-2010,10.0315
16-08-2010,10.0315
13-08-2010,10.0315
12-08-2010,10.0315
11-08-2010,10.0315
10-08-2010,10.0315
09-08-2010,10.0315
06-08-2010,10.0315
05-08-2010,10.0315
04-08-2010,10.0315
03-08-2010,10.0315
02-08-2010,10.0315
30-07-2010,10.0315
29-07-2010,10.0315
28-07-2010,10.0315
27-07-2010,10.0315
26-07-2010,10.0315
23-07-2010,10.0315
22-07-2010,10.0315
21-07-2010,10.0315
20-07-2010,10.0315
19-07-2010,10.0315
16-07-2010,10.0315
15-07-2010,10.0315
14-07-2010,10.0315
13-07-2010,10.0315
12-07-2010,10.0315
09-07-2010,10.0315
08-07-2010,10.0315
07-07-2010,10.0315
06-07-2010,10.0315
05-07-2010,10.0315
02-07-2010,10.0315
30-06-2010,10.0315
29-06-2010,10.0315
28-06-2010,10.0315
25-06-2010,10.0315
24-06-2010,10.0315
23-06-2010,10.0315
22-06-2010,10.0315
21-06-2010,10.0315
18-06-2010,10.0315
17-06-2010,10.0315
16-06-2010,10.0315
15-06-2010,10.0315
14-06-2010,10.0315
11-06-2010,10.0315
10-06-2010,10.0315
09-06-2010,10.0315
08-06-2010,10.0315
07-06-2010,10.0315
04-06-2010,10.0315
03-06-2010,10.0315
02-06-2010,10.0315
01-06-2010,10.0315
31-05-2010,10.0315
28-05-2010,10.0315
26-05-2010,10.0315
25-05-2010,10.0315
24-05-2010,10.0315
21-05-2010,10.0315
20-05-2010,10.0315
19-05-2010,10.0315
18-05-2010,10.0315
17-05-2010,10.0315
14-05-2010,10.0315
13-05-2010,10.0315
12-05-2010,10.0315
11-05-2010,10.0315
10-05-2010,10.0315
07-05-2010,10.0315
06-05-2010,10.0315
05-05-2010,10.0315
04-05-2010,10.0315
03-05-2010,10.0315
30-04-2010,10.0315
29-04-2010,10.0315
28-04-2010,10.0315
27-04-2010,10.0315
26-04-2010,10.0315
23-04-2010,10.0315
22-04-2010,10.0315
21-04-2010,10.0315
20-04-2010,10.0315
19-04-2010,10.0315
16-04-2010,10.0315
15-04-2010,10.0315
13-04-2010,10.0315
12-04-2010,10.0315
09-04-2010,10.0315
08-04-2010,10.0315
07-04-2010,10.0315
06-04-2010,10.0315
05-04-2010,10.0315
31-03-2010,10.0315
30-03-2010,10.0315
29-03-2010,10.0315
26-03-2010,10.0315
25-03-2010,10.0315
23-03-2010,10.0315
22-03-2010,10.0315
19-03-2010,10.0315
18-03-2010,10.0315
17-03-2010,10.0315
15-03-2010,10.0315
12-03-2010,10.0315
11-03-2010,10.0315
10-03-2010,10.0315
09-03-2010,10.0315
08-03-2010,10.0315
05-03-2010,10.0315
04-03-2010,10.0315
03-03-2010,10.0315
02-03-2010,10.0315
26-02-2010,10.0315
25-02-2010,10.0315
24-02-2010,10.0315
23-02-2010,10.0315
22-02-2010,10.0315
19-02-2010,10.0315
18-02-2010,10.0315
17-02-2010,10.0315
16-02-2010,10.0315
15-02-2010,10.0315
11-02-2010,10.0315
10-02-2010,10.0315
09-02-2010,10.0315
08-02-2010,10.0315
05-02-2010,10.0315
04-02-2010,10.0315
03-02-2010,10.0315
02-02-2010,10.0315
01-02-2010,10.0315
29-01-2010,10.0315
28-01-2010,10.0315
27-01-2010,10.0315
25-01-2010,10.0315
22-01-2010,10.0315
21-01-2010,10.0315
20-01-2010,10.0315
19-01-2010,10.0315
18-01-2010,10.0315
15-01-2010,10.0315
14-01-2010,10.0315
13-01-2010,10.0315
12-01-2010,10.0315
11-01-2010,10.0315
08-01-2010,10.0315
07-01-2010,10.0315
06-01-2010,10.0315
05-01-2010,10.0315
04-01-2010,10.0315
01-01-2010,10.0315
31-12-2009,10.0315
30-12-2009,10.0315
29-12-2009,10.0315
24-12-2009,10.0315
23-12-2009,10.0315
22-12-2009,10.0315
21-12-2009,10.0315
18-12-2009,10.0315
17-12-2009,10.0315
16-12-2009,10.0315
15-12-2009,10.0315
14-12-2009,10.0315
11-12-2009,10.0315
10-12-2009,10.0315
09-12-2009,10.0315
08-12-2009,10.0315
07-12-2009,10.0315
04-12-2009,10.0315
03-12-2009,10.0315
02-12-2009,10.0315
01-12-2009,10.0315
30-11-2009,10.0315
27-11-2009,10.0315
26-11-2009,10.0315
25-11-2009,10.0315
24-11-2009,10.0315
23-11-2009,10.0315
20-11-2009,10.0315
19-11-2009,10.0315
18-11-2009,10.0315
17-11-2009,10.0315
16-11-2009,10.0315
13-11-2009,10.0315
12-11-2009,10.0315
11-11-2009,10.0315
10-11-2009,10.0315
09-11-2009,10.0315
06-11-2009,10.0315
05-11-2009,10.0315
04-11-2009,10.0315
03-11-2009,10.0315
30-10-2009,10.0315
29-10-2009,10.0315
28-10-2009,10.0315
27-10-2009,10.0315
26-10-2009,10.0315
23-10-2009,10.0315
22-10-2009,10.0315
21-10-2009,10.0315
20-10-2009,10.0315
16-10-2009,10.0315
15-10-2009,10.0315
14-10-2009,10.0315
12-10-2009,10.0315
09-10-2009,10.0315
08-10-2009,10.0315
07-10-2009,10.0315
06-10-2009,10.0315
05-10-2009,10.0315
01-10-2009,10.0315
29-09-2009,10.0315
25-09-2009,10.0315
24-09-2009,10.0315
23-09-2009,10.0315
22-09-2009,10.0315
18-09-2009,10.0315
17-09-2009,10.0315
16-09-2009,10.0315
15-09-2009,10.0315
14-09-2009,10.0315
11-09-2009,10.0315
10-09-2009,10.0315
09-09-2009,10.0315
08-09-2009,10.0315
07-09-2009,10.0315
04-09-2009,10.0315
03-09-2009,10.0315
02-09-2009,10.0315
01-09-2009,10.0315
31-08-2009,10.0315
28-08-2009,10.0315
27-08-2009,10.0315
26-08-2009,10.0315
25-08-2009,10.0315
24-08-2009,10.0315
21-08-2009,10.0315
20-08-2009,10.0315
19-08-2009,10.0315
18-08-2009,10.0315
17-08-2009,10.0315
14-08-2009,10.0315
13-08-2009,10.0315
12-08-2009,10.0315
11-08-2009,10.0315
10-08-2009,10.0315
07-08-2009,10.0315
06-08-2009,10.0315
05-08-2009,10.0315
04-08-2009,10.0315
03-08-2009,10.0315
31-07-2009,10.0315
30-07-2009,10.0315
29-07-2009,10.0315
28-07-2009,10.0315
27-07-2009,10.0315
24-07-2009,10.0315
23-07-2009,10.0315
22-07-2009,10.0315
21-07-2009,10.0315
20-07-2009,10.0315
17-07-2009,10.0315
16-07-2009,10.0315
15-07-2009,10.0315
14-07-2009,10.0315
13-07-2009,10.0315
10-07-2009,10.0315
09-07-2009,10.0315
08-07-2009,10.0315
07-07-2009,10.0315
06-07-2009,10.0315
03-07-2009,10.0315
02-07-2009,10.0315
30-06-2009,10.0315
29-06-2009,10.0315
26-06-2009,10.0315
25-06-2009,10.0315
24-06-2009,10.0315
23-06-2009,10.0315
22-06-2009,10.0315
19-06-2009,10.0315
18-06-2009,10.0315
17-06-2009,10.0315
16-06-2009,10.0315
15-06-2009,10.0315
12-06-2009,10.0315
11-06-2009,10.0315
10-06-2009,10.0315
09-06-2009,10.0315
08-06-2009,10.0315
05-06-2009,10.0315
04-06-2009,10.0315
03-06-2009,10.0315
02-06-2009,10.0315
01-06-2009,10.0315
29-05-2009,10.0315
28-05-2009,10.0315
27-05-2009,10.0315
26-05-2009,10.0315
25-05-2009,10.0315
22-05-2009,10.0315
21-05-2009,10.0315
20-05-2009,10.0315
19-05-2009,10.0315
18-05-2009,10.0315
15-05-2009,10.0315
14-05-2009,10.0315
13-05-2009,10.0315
12-05-2009,10.0315
11-05-2009,10.0315
08-05-2009,10.0315
07-05-2009,10.0315
06-05-2009,10.0315
05-05-2009,10.0315
04-05-2009,10.0315
29-04-2009,10.0315
28-04-2009,10.0315
27-04-2009,10.0315
24-04-2009,10.0315
23-04-2009,10.0315
22-04-2009,10.0315
21-04-2009,10.0315
20-04-2009,10.0315
17-04-2009,10.0315
16-04-2009,10.0315
15-04-2009,10.0315
13-04-2009,10.0315
09-04-2009,10.0315
08-04-2009,10.0315
06-04-2009,10.0315
02-04-2009,10.0315
31-03-2009,10.0315
30-03-2009,10.0315
27-03-2009,10.0315
26-03-2009,10.0315
25-03-2009,10.0315
24-03-2009,10.0315
23-03-2009,10.0315
20-03-2009,10.0315
19-03-2009,10.0315
18-03-2009,10.0315
17-03-2009,10.0315
16-03-2009,10.0315
13-03-2009,10.0315
12-03-2009,10.0315
09-03-2009,10.0315
06-03-2009,10.0315
05-03-2009,10.0315
04-03-2009,10.0315
03-03-2009,10.0315
02-03-2009,10.0315
27-02-2009,10.0315
26-02-2009,10.0315
25-02-2009,10.0315
24-02-2009,10.0315
20-02-2009,10.0315
19-02-2009,10.0315
18-02-2009,10.0315
17-02-2009,10.0315
16-02-2009,10.0315
13-02-2009,10.0315
12-02-2009,10.0315
11-02-2009,10.0315
10-02-2009,10.0315
09-02-2009,10.0315
06-02-2009,10.0315
05-02-2009,10.0315
04-02-2009,10.0315
03-02-2009,10.0315
02-02-2009,10.0315
30-01-2009,10.0315
29-01-2009,10.0315
28-01-2009,10.0315
27-01-2009,10.0315
23-01-2009,10.0315
22-01-2009,10.0315
21-01-2009,10.0315
20-01-2009,10.0315
19-01-2009,10.0315
16-01-2009,10.0315
15-01-2009,10.0315
14-01-2009,10.0315
13-01-2009,10.0315
12-01-2009,10.0315
09-01-2009,10.0315
07-01-2009,10.0315
06-01-2009,10.0315
05-01-2009,10.0315
02-01-2009,10.0315
01-01-2009,10.0315
31-12-2008,10.0315
30-12-2008,10.0315
29-12-2008,10.0315
26-12-2008,10.0315
24-12-2008,10.0315
23-12-2008,10.0315
22-12-2008,10.0315
19-12-2008,10.0315
18-12-2008,10.0315
17-12-2008,10.0315
16-12-2008,10.0315
15-12-2008,10.0315
12-12-2008,10.0315
11-12-2008,10.0315
10-12-2008,10.0315
08-12-2008,10.0315
05-12-2008,10.0315
04-12-2008,10.0315
03-12-2008,10.0315
02-12-2008,10.0315
01-12-2008,10.0315
28-11-2008,10.0315
26-11-2008,10.0315
25-11-2008,10.0315
24-11-2008,10.0315
21-11-2008,10.0315
20-11-2008,10.0315
19-11-2008,10.0315
18-11-2008,10.0315
17-11-2008,10.0315
14-11-2008,10.0315
12-11-2008,10.0315
11-11-2008,10.0315
10-11-2008,10.0315
07-11-2008,10.0315
06-11-2008,10.0315
05-11-2008,10.0315
04-11-2008,10.0315
03-11-2008,10.0315
31-10-2008,10.0315
29-10-2008,10.0315
27-10-2008,10.0315
24-10-2008,10.0315
23-10-2008,10.0315
22-10-2008,10.0315
21-10-2008,10.0315
20-10-2008,10.0315
17-10-2008,10.0315
16-10-2008,10.0315
15-10-2008,10.0315
14-10-2008,10.0315
13-10-2008,10.0315
10-10-2008,10.0315
08-10-2008,10.0315
07-10-2008,10.0315
06-10-2008,10.0315
03-10-2008,10.0315
01-10-2008,10.0315
30-09-2008,10.0315
29-09-2008,10.0315
26-09-2008,10.0315
25-09-2008,10.0315
24-09-2008,10.0315
23-09-2008,10.0315
22-09-2008,10.0315
19-09-2008,10.0315
18-09-2008,10.0315
17-09-2008,10.0315
16-09-2008,10.0315
15-09-2008,10.0315
12-09-2008,10.0315
11-09-2008,10.0315
10-09-2008,10.0315
09-09-2008,10.0315
08-09-2008,10.0315
05-09-2008,10.0315
04-09-2008,10.0315
02-09-2008,10.0315
01-09-2008,10.0315
29-08-2008,10.0315
28-08-2008,10.0315
27-08-2008,10.0315
26-08-2008,10.0315
25-08-2008,10.0315
22-08-2008,10.0315
21-08-2008,10.0315
20-08-2008,10.0315
19-08-2008,10.0315
18-08-2008,10.0315
14-08-2008,10.0315
13-08-2008,10.0315
12-08-2008,10.0315
11-08-2008,10.0315
08-08-2008,10.0315
07-08-2008,10.0315
06-08-2008,10.0315
05-08-2008,10.0315
04-08-2008,10.0315
01-08-2008,10.0315
31-07-2008,10.0315
30-07-2008,10.0315
29-07-2008,10.0315
28-07-2008,10.0315
25-07-2008,10.0315
24-07-2008,10.0315
23-07-2008,10.0315
22-07-2008,10.0315
21-07-2008,10.0315
18-07-2008,10.0315
17-07-2008,10.0315
16-07-2008,10.0315
15-07-2008,10.0315
14-07-2008,10.0315
11-07-2008,10.0315
10-07-2008,10.0315
09-07-2008,10.0315
08-07-2008,10.0315
07-07-2008,10.0315
04-07-2008,10.0315
03-07-2008,10.0315
02-07-2008,10.0315
01-07-2008,10.0315
30-06-2008,10.0315
27-06-2008,10.0315
26-06-2008,10.0315
25-06-2008,10.0315
24-06-2008,10.0315
23-06-2008,10.0315
20-06-2008,10.0315
19-06-2008,10.0315
18-06-2008,10.0315
17-06-2008,10.0315
16-06-2008,10.0315
13-06-2008,10.0315
12-06-2008,10.0315
11-06-2008,10.0315
10-06-2008,10.0315
09-06-2008,10.0315
06-06-2008,10.0315
05-06-2008,10.0315
04-06-2008,10.0315
03-06-2008,10.0315
02-06-2008,10.0315
30-05-2008,10.0315
29-05-2008,10.0315
28-05-2008,10.0315
27-05-2008,10.0315
26-05-2008,10.0315
23-05-2008,10.0315
22-05-2008,10.0315
21-05-2008,10.0315
20-05-2008,10.0315
16-05-2008,10.0315
15-05-2008,10.0315
14-05-2008,10.0315
13-05-2008,10.0315
12-05-2008,10.0315
09-05-2008,10.0315
08-05-2008,10.0315
07-05-2008,10.0315
06-05-2008,10.0315
05-05-2008,10.0315
02-05-2008,10.0315
30-04-2008,10.0315
29-04-2008,10.0315
28-04-2008,10.0315
25-04-2008,10.0315
24-04-2008,10.0315
23-04-2008,10.0315
22-04-2008,10.0315
21-04-2008,10.0315
17-04-2008,10.0315
16-04-2008,10.0315
15-04-2008,10.0315
11-04-2008,10.0315
10-04-2008,10.0315
09-04-2008,10.0315
08-04-2008,10.0315
07-04-2008,10.0315
04-04-2008,10.0315
03-04-2008,10.0315
02-04-2008,10.0315
01-04-2008,10.0315
31-03-2008,10.0315
28-03-2008,10.0315
27-03-2008,10.0315
26-03-2008,10.0315
25-03-2008,10.0315
24-03-2008,10.0315
19-03-2008,10.0315
18-03-2008,10.0315
17-03-2008,10.0315
14-03-2008,10.0315
13-03-2008,10.0315
12-03-2008,10.0315
11-03-2008,10.0315
10-03-2008,10.0315
07-03-2008,10.0315
05-03-2008,10.0315
04-03-2008,10.0315
03-03-2008,10.0315
29-02-2008,10.0315
28-02-2008,10.0315
27-02-2008,10.0315
26-02-2008,10.0315
25-02-2008,10.0315
22-02-2008,10.0315
21-02-2008,10.0315
20-02-2008,10.0315
19-02-2008,10.0315
18-02-2008,10.0315
15-02-2008,10.0315
14-02-2008,10.0315
13-02-2008,10.0315
12-02-2008,10.0315
11-02-2008,10.0315
08-02-2008,10.0315
07-02-2008,10.0315
06-02-2008,10.0315
05-02-2008,10.0315
04-02-2008,10.0315
01-02-2008,10.0315
31-01-2008,10.0315
30-01-2008,10.0315
29-01-2008,10.0315
28-01-2008,10.0315
25-01-2008,10.0315
24-01-2008,10.0315
23-01-2008,10.0315
22-01-2008,10.0315
21-01-2008,10.0315
18-01-2008,10.0315
17-01-2008,10.0315
16-01-2008,10.0315
15-01-2008,10.0315
14-01-2008,10.0315
11-01-2008,10.0315
10-01-2008,10.0315
09-01-2008,10.0315
08-01-2008,10.0315
07-01-2008,10.0315
04-01-2008,10.0315
03-01-2008,10.0315
02-01-2008,10.0315
01-01-2008,10.0315
31-12-2007,10.0315
28-12-2007,10.0315
27-12-2007,10.0315
26-12-2007,10.0315
24-12-2007,10.0315
20-12-2007,10.0315
19-12-2007,10.0315
18-12-2007,10.0315
17-12-2007,10.0315
14-12-2007,10.0315
13-12-2007,10.0315
12-12-2007,10.0315
11-12-2007,10.0315
10-12-2007,10.0315
07-12-2007,10.0315
06-12-2007,10.0315
05-12-2007,10.0315
04-12-2007,10.0315
03-12-2007,10.0315
30-11-2007,10.0315
29-11-2007,10.0315
28-11-2007,10.0315
27-11-2007,10.0315
26-11-2007,10.0315
23-11-2007,10.0315
22-11-2007,10.0315
21-11-2007,10.0315
20-11-2007,10.0315
19-11-2007,10.0315
16-11-2007,10.0315
15-11-2007,10.0315
14-11-2007,10.0315
13-11-2007,10.0315
12-11-2007,10.0315
08-11-2007,10.0315
07-11-2007,10.0315
06-11-2007,10.0315
05-11-2007,10.0315
02-11-2007,10.0315
01-11-2007,10.0315
31-10-2007,10.0315
30-10-2007,10.0315
29-10-2007,10.0315
26-10-2007,10.0315
25-10-2007,10.0315
24-10-2007,10.0315
23-10-2007,10.0315
22-10-2007,10.0315
19-10-2007,10.0315
18-10-2007,10.0315
17-10-2007,10.0315
16-10-2007,10.0315
15-10-2007,10.0315
12-10-2007,10.0315
11-10-2007,10.0315
10-10-2007,10.0315
09-10-2007,10.0315
08-10-2007,10.0315
05-10-2007,10.0315
04-10-2007,10.0315
03-10-2007,10.0315
01-10-2007,10.0315
28-09-2007,10.0315
27-09-2007,10.0315
26-09-2007,10.0315
25-09-2007,10.0315
24-09-2007,10.0315
21-09-2007,10.0315
20-09-2007,10.0315
19-09-2007,10.0315
18-09-2007,10.0315
17-09-2007,10.0315
14-09-2007,10.0315
13-09-2007,10.0315
12-09-2007,10.0315
11-09-2007,10.0315
10-09-2007,10.0315
07-09-2007,10.0315
06-09-2007,10.0315
05-09-2007,10.0315
04-09-2007,10.0315
03-09-2007,10.0315
31-08-2007,10.0315
30-08-2007,10.0315
29-08-2007,10.0315
28-08-2007,10.0315
27-08-2007,10.0315
24-08-2007,10.0315
23-08-2007,10.0315
22-08-2007,10.0315
21-08-2007,10.0315
20-08-2007,10.0315
17-08-2007,10.0315
16-08-2007,10.0315
14-08-2007,10.0315
13-08-2007,10.0315
10-08-2007,10.0315
09-08-2007,10.0315
08-08-2007,10.0315
07-08-2007,10.0315
06-08-2007,10.0315
03-08-2007,10.0315
02-08-2007,10.0315
01-08-2007,10.0315
31-07-2007,10.0315
30-07-2007,10.0315
27-07-2007,10.0315
26-07-2007,10.0315
25-07-2007,10.0315
24-07-2007,10.0315
23-07-2007,10.0315
20-07-2007,10.0315
19-07-2007,10.0315
18-07-2007,10.0315
17-07-2007,10.0315
16-07-2007,10.0315
13-07-2007,10.0315
12-07-2007,10.0315
11-07-2007,10.0315
10-07-2007,10.0315
09-07-2007,10.0315
06-07-2007,10.0315
05-07-2007,10.0315
04-07-2007,10.0315
03-07-2007,10.0315
02-07-2007,10.0315
29-06-2007,10.0315
28-06-2007,10.0315
27-06-2007,10.0315
26-06-2007,10.0315
25-06-2007,10.0315
22-06-2007,10.0315
21-06-2007,10.0315
20-06-2007,10.0315
19-06-2007,10.0315
18-06-2007,10.0315
15-06-2007,10.0315
14-06-2007,10.0315
13-06-2007,10.0315
12-06-2007,10.0315
11-06-2007,10.0315
08-06-2007,10.0315
07-06-2007,10.0315
06-06-2007,10.0315
05-06-2007,10.0315
04-06-2007,10.0315
01-06-2007,10.0315
31-05-2007,10.0315
30-05-2007,10.0315
29-05-2007,10.0315
28-05-2007,10.0315
25-05-2007,10.0315
24-05-2007,10.0315
23-05-2007,10.0315
22-05-2007,10.0315
21-05-2007,10.0315
18-05-2007,10.0315
17-05-2007,10.0315
16-05-2007,10.0315
15-05-2007,10.0315
14-05-2007,10.0315
11-05-2007,10.0315
10-05-2007,10.0315
09-05-2007,10.0315
08-05-2007,10.0315
07-05-2007,10.0315
04-05-2007,10.0315
03-05-2007,10.0315
30-04-2007,10.0315
27-04-2007,10.0315
26-04-2007,10.0315
25-04-2007,10.0315
24-04-2007,10.0315
