Year,Locality,Avg Price (?/sq.ft),Monthly Yield(sq. ft.),Residence Yield(sq.ft.)
2015,Andheri West," INR 23,795.00 ",47.2293,49.02089
2016,Andheri West," INR 24,762.58 ",48.69109,50.537
2017,Andheri West," INR 25,769.51 ",50.197015,51.109688
2018,Andheri West," INR 26,817.38 ",51.7495,52.6904
2019,Andheri West," INR 27,907.86 ",53.35,54.32
2020,Andheri West," INR 29,042.69 ",55,56
2021,Andheri West," INR 30,223.66 ",54,54
2022,Andheri West," INR 31,452.65 ",58,53
2023,Andheri West," INR 32,731.62 ",69.5,53.75
2024,Andheri West," INR 34,062.59 ",78.75,52
2025,Andheri West," INR 45,440.00 ",84.5,61
2015,Bandra West," INR 60,262.50 ",72.99239218,72.99239218
2016,Bandra West," INR 58,612.50 ",75.24988885,75.24988885
2017,Bandra West," INR 60,487.50 ",77.577205,77.577205
2018,Bandra West," INR 56,675.00 ",79.9765,79.9765
2019,Bandra West," INR 56,287.50 ",82.45,82.45
2020,Bandra West," INR 53,225.00 ",85,85
2021,Bandra West," INR 53,825.00 ",86.25,86.25
2022,Bandra West," INR 53,275.00 ",93.75,93.75
2023,Bandra West," INR 56,662.50 ",111.75,111.75
2024,Bandra West," INR 57,287.50 ",132.75,132.75
2025,Bandra West," INR 59,116.67 ",139.33,139.33
2015,Borivali West," INR 22,700.00 ",28.33822285,30.0556909
2016,Borivali West," INR 22,400.00 ",29.21466273,30.98524835
2017,Borivali West," INR 23,900.00 ",30.118209,31.943555
2018,Borivali West," INR 25,087.50 ",31.0497,32.9315
2019,Borivali West," INR 24,850.00 ",32.01,33.95
2020,Borivali West," INR 25,275.00 ",33,35
2021,Borivali West," INR 25,125.00 ",35.25,32.75
2022,Borivali West," INR 25,725.00 ",37.5,33.7325
2023,Borivali West," INR 27,925.00 ",42.75,42.75
2024,Borivali West," INR 29,162.50 ",51,51
2025,Borivali West," INR 30,916.67 ",55,55
2015,Dadar," INR 47,212.50 ",64.40505193,69.98682309
2016,Dadar," INR 52,262.50 ",66.39696075,72.15136402
2017,Dadar," INR 50,325.00 ",68.450475,74.3828495
2018,Dadar," INR 51,175.00 ",70.5675,76.68335
2019,Dadar," INR 48,287.50 ",72.75,79.055
2020,Dadar," INR 45,900.00 ",75,81.5
2021,Dadar," INR 48,100.00 ",72.25,83.945
2022,Dadar," INR 49,637.50 ",79.5,86.46335
2023,Dadar," INR 52,725.00 ",87.5,89.0572505
2024,Dadar," INR 50,262.50 ",97.75,91.72896802
2025,Dadar," INR 52,083.34 ",110.6666667,94.48083706
2015,Goregaon East," INR 24,637.50 ",36.49619609,36.06682908
2016,Goregaon East," INR 25,075.00 ",37.62494443,37.18229802
2017,Goregaon East," INR 25,625.00 ",38.7886025,38.332266
2018,Goregaon East," INR 26,425.00 ",39.98825,39.5178
2019,Goregaon East," INR 25,337.50 ",41.225,40.74
2020,Goregaon East," INR 25,012.50 ",42.5,42
2021,Goregaon East," INR 25,337.50 ",40.5,40
2022,Goregaon East," INR 27,212.50 ",45,39.75
2023,Goregaon East," INR 28,200.00 ",55.25,40.9425
2024,Goregaon East," INR 30,525.00 ",62.75,42.170775
2025,Goregaon East," INR 31,233.34 ",64.66666667,43.43589825
2015,Jogeshwari," INR 19,516.67 ",42.50733427,42.50733427
2016,Jogeshwari," INR 22,550.00 ",43.8219941,43.8219941
2017,Jogeshwari," INR 17,487.50 ",45.1773135,45.1773135
2018,Jogeshwari," INR 25,412.50 ",46.57455,46.57455
2019,Jogeshwari," INR 24,250.00 ",48.015,48.015
2020,Jogeshwari," INR 23,700.00 ",49.5,49.5
2021,Jogeshwari," INR 24,075.00 ",47.5,47.5
2022,Jogeshwari," INR 24,950.00 ",52,52
2023,Jogeshwari," INR 26,237.50 ",61.25,61.25
2024,Jogeshwari," INR 27,337.50 ",70.5,70.5
2025,Jogeshwari," INR 29,133.33 ",77.66666667,77.66666667
2015,Juhu," INR 52,062.50 ",67.83998803,80.72099842
2016,Juhu," INR 51,337.50 ",69.93813199,83.21752414
2017,Juhu," INR 53,875.00 ",72.101167,85.791262
2018,Juhu," INR 53,162.50 ",74.3311,88.4446
2019,Juhu," INR 51,637.50 ",76.63,91.18
2020,Juhu," INR 52,500.00 ",79,94
2021,Juhu," INR 51,625.00 ",77.75,96.82
2022,Juhu," INR 52,950.00 ",87.5,99.7246
2023,Juhu," INR 55,362.50 ",98,102.716338
2024,Juhu," INR 58,387.50 ",115.75,105.7978281
2025,Juhu," INR 58,900.00 ",132.6666667,108.971763
2015,Kandivali East," INR 21,237.50 ",29.62632389,30.0556909
2016,Kandivali East," INR 21,687.50 ",30.54260195,30.98524835
2017,Kandivali East," INR 22,200.00 ",31.4872185,31.943555
2018,Kandivali East," INR 22,225.00 ",32.46105,32.9315
2019,Kandivali East," INR 22,487.50 ",33.465,33.95
2020,Kandivali East," INR 22,700.00 ",34.5,35
2021,Kandivali East," INR 22,762.50 ",34.5,34
2022,Kandivali East," INR 23,950.00 ",37.75,36.5
2023,Kandivali East," INR 25,450.00 ",44,38
2024,Kandivali East," INR 27,350.00 ",51.25,39.14
2025,Kandivali East," INR 28,116.67 ",55.66666667,40.3142
2015,Khar West," INR 56,175.00 ",71.70429115,71.70429115
2016,Khar West," INR 55,387.50 ",73.92194964,73.92194964
2017,Khar West," INR 55,587.50 ",76.2081955,76.2081955
2018,Khar West," INR 54,712.50 ",78.56515,78.56515
2019,Khar West," INR 55,825.00 ",80.995,80.995
2020,Khar West," INR 51,275.00 ",83.5,83.5
2021,Khar West," INR 53,475.00 ",83.5,83.5
2022,Khar West," INR 55,237.50 ",91.5,91.5
2023,Khar West," INR 56,600.00 ",106.25,106.25
2024,Khar West," INR 57,525.00 ",126.5,126.5
2025,Khar West," INR 58,383.33 ",139.6666667,139.6666667
2015,Kurla," INR 20,800.00 ",35.63746207,35.63746207
2016,Kurla," INR 22,975.00 ",36.73965162,36.73965162
2017,Kurla," INR 24,162.50 ",37.8759295,37.8759295
2018,Kurla," INR 22,062.50 ",39.04735,39.04735
2019,Kurla," INR 23,962.50 ",40.255,40.255
2020,Kurla," INR 23,650.00 ",41.5,41.5
2021,Kurla," INR 23,425.00 ",41,41
2022,Kurla," INR 24,075.00 ",43.5,43.5
2023,Kurla," INR 24,887.50 ",48.75,48.75
2024,Kurla," INR 24,675.00 ",58,58
2025,Kurla," INR 25,066.67 ",59,59
2015,Malad West," INR 24,023.00 ",33.490627,33.490627
2016,Malad West," INR 25,192.16 ",34.52641959,34.52641959
2017,Malad West," INR 26,418.21 ",35.594247,35.594247
2018,Malad West," INR 27,703.94 ",36.6951,36.6951
2019,Malad West," INR 29,052.24 ",37.83,37.83
2020,Malad West," INR 30,466.17 ",39,39
2021,Malad West," INR 31,948.90 ",39,39
2022,Malad West," INR 33,503.80 ",42.25,42.25
2023,Malad West," INR 35,134.37 ",50,50
2024,Malad West," INR 36,844.29 ",56.75,56.75
2025,Malad West," INR 38,637.44 ",63,63
2015,Mira Road," INR 16,322.00 ",21.03898363,21.03898363
2016,Mira Road," INR 17,294.02 ",21.68967385,21.68967385
2017,Mira Road," INR 18,323.94 ",22.3604885,22.3604885
2018,Mira Road," INR 19,415.18 ",23.05205,23.05205
2019,Mira Road," INR 20,571.41 ",23.765,23.765
2020,Mira Road," INR 21,796.51 ",24.5,24.5
2021,Mira Road," INR 23,094.55 ",27.5,27.5
2022,Mira Road," INR 24,469.90 ",30.25,30.25
2023,Mira Road," INR 25,927.16 ",31.1575,31.1575
2024,Mira Road," INR 27,471.20 ",32.092225,32.092225
2025,Mira Road," INR 29,107.19 ",33.05499175,33.05499175
2015,Mulund," INR 22,250.00 ",31.77315895,30.48505791
2016,Mulund," INR 23,225.00 ",32.75583397,31.42789476
2017,Mulund," INR 24,212.50 ",33.768901,32.3998915
2018,Mulund," INR 23,975.00 ",34.8133,33.40195
2019,Mulund," INR 24,187.50 ",35.89,34.435
2020,Mulund," INR 23,712.50 ",37,35.5
2021,Mulund," INR 23,775.00 ",37.5,35
2022,Mulund," INR 24,675.00 ",39,34.75
2023,Mulund," INR 25,937.50 ",45.25,35.7925
2024,Mulund," INR 26,950.00 ",51.75,36.866275
2025,Mulund," INR 27,683.33 ",55.66666667,37.97226325
2015,Panvel," INR 8,769.00 ",11.16354233,11.16354233
2016,Panvel," INR 9,450.95 ",11.50880653,11.50880653
2017,Panvel," INR 10,185.93 ",11.864749,11.864749
2018,Panvel," INR 10,978.07 ",12.2317,12.2317
2019,Panvel," INR 11,831.81 ",12.61,12.61
2020,Panvel," INR 12,751.95 ",13,13
2021,Panvel," INR 13,743.65 ",14,13.5
2022,Panvel," INR 14,812.46 ",14.25,13
2023,Panvel," INR 15,964.40 ",15.5,13
2024,Panvel," INR 17,205.92 ",17.25,13.39
2025,Panvel," INR 12,500.00 ",20,13.7917
2015,Powai," INR 26,112.50 ",42.93670129,44.22480232
2016,Powai," INR 27,687.50 ",44.2646405,45.59257972
2017,Powai," INR 28,225.00 ",45.63365,47.0026595
2018,Powai," INR 28,887.50 ",47.045,48.45635
2019,Powai," INR 28,837.50 ",48.5,49.955
2020,Powai," INR 28,787.50 ",50,51.5
2021,Powai," INR 29,875.00 ",46.25,45.25
2022,Powai," INR 30,975.00 ",50,39.75
2023,Powai," INR 33,537.50 ",63,40.9425
2024,Powai," INR 35,137.50 ",71.5,42.170775
2025,Powai," INR 37,500.00 ",79,43.43589825
2015,Santacruz West," INR 48,987.50 ",63.5463179,63.5463179
2016,Santacruz West," INR 51,762.50 ",65.51166794,65.51166794
2017,Santacruz West," INR 51,725.00 ",67.537802,67.537802
2018,Santacruz West," INR 53,262.50 ",69.6266,69.6266
2019,Santacruz West," INR 49,462.50 ",71.78,71.78
2020,Santacruz West," INR 47,475.00 ",74,74
2021,Santacruz West," INR 50,162.50 ",74.25,74.25
2022,Santacruz West," INR 47,062.50 ",81.5,81.5
2023,Santacruz West," INR 46,537.50 ",99.75,99.75
2024,Santacruz West," INR 51,250.00 ",110.75,110.75
2025,Santacruz West," INR 53,800.00 ",120.3333333,120.3333333
2015,Thane West," INR 13,051.00 ",23.18581869,25.33265376
2016,Thane West," INR 13,943.49 ",23.90290587,26.1161379
2017,Thane West," INR 14,897.02 ",24.642171,26.9238535
2018,Thane West," INR 15,915.75 ",25.4043,27.75655
2019,Thane West," INR 17,004.15 ",26.19,28.615
2020,Thane West," INR 18,166.98 ",27,29.5
2021,Thane West," INR 19,409.33 ",28.25,27
2022,Thane West," INR 20,736.64 ",28.75,26.75
2023,Thane West," INR 22,154.71 ",32.25,29.25
2024,Thane West," INR 23,669.76 ",35.75,27.25
2025,Thane West," INR 25,288.42 ",40.33333333,29
2015,Vikhroli," INR 26,912.50 ",49.80657349,27.90885584
2016,Vikhroli," INR 31,112.50 ",51.34698298,28.77201633
2017,Vikhroli," INR 30,100.00 ",52.935034,29.6618725
2018,Vikhroli," INR 23,487.50 ",54.5722,30.57925
2019,Vikhroli," INR 20,783.33 ",56.26,31.525
2020,Vikhroli," INR 28,800.00 ",58,32.5
2021,Vikhroli," INR 22,175.00 ",65.75,33.475
2022,Vikhroli," INR 21,037.50 ",76.75,34.47925
2023,Vikhroli," INR 21,450.00 ",77,35.5136275
2024,Vikhroli," INR 21,450.00 ",79.31,36.57903633
2025,Vikhroli," INR 23,283.33 ",81.6893,37.67640741
2015,Vile Parle," INR 39,275.00 ",53.24150959,60.1113818
2016,Vile Parle," INR 39,062.50 ",54.88815422,61.9704967
2017,Vile Parle," INR 40,137.50 ",56.585726,63.88711
2018,Vile Parle," INR 40,337.50 ",58.3358,65.863
2019,Vile Parle," INR 40,400.00 ",60.14,67.9
2020,Vile Parle," INR 39,625.00 ",62,70
2021,Vile Parle," INR 39,637.50 ",60.25,72.1
2022,Vile Parle," INR 40,125.00 ",64,74.263
2023,Vile Parle," INR 40,475.00 ",73.25,76.49089
2024,Vile Parle," INR 41,037.50 ",83.75,78.7856167
2025,Vile Parle," INR 40,900.00 ",85,81.1491852
2015,Wadala," INR 34,516.67 ",46.37163739,47.23037141
2016,Wadala," INR 31,087.50 ",47.80581174,48.69110455
2017,Wadala," INR 31,075.00 ",49.284342,50.197015
2018,Wadala," INR 31,512.50 ",50.8086,51.7495
2019,Wadala," INR 29,250.00 ",52.38,53.35
2020,Wadala," INR 28,112.50 ",54,55
2021,Wadala," INR 29,137.50 ",52.25,52
2022,Wadala," INR 30,775.00 ",60.5,53.56
2023,Wadala," INR 32,025.00 ",73.25,55.1668
2024,Wadala," INR 34,025.00 ",82.75,56.821804
2025,Wadala," INR 35,183.33 ",95.66666667,58.52645812
2015,Worli," INR 55,412.50 ",69.55745608,83.29720049
2016,Worli," INR 57,550.00 ",71.70871761,85.87340257
2017,Worli," INR 58,137.50 ",73.926513,88.529281
2018,Worli," INR 54,437.50 ",76.2129,91.2673
2019,Worli," INR 52,800.00 ",78.57,94.09
2020,Worli," INR 48,125.00 ",81,97
2021,Worli," INR 49,975.00 ",79,99.91
2022,Worli," INR 52,000.00 ",97.25,102.9073
2023,Worli," INR 56,050.00 ",119.5,105.994519
2024,Worli," INR 62,250.00 ",142.5,109.1743546
2025,Worli," INR 65,383.33 ",161.3333333,112.4495852
2015,Chembur," INR 26,750.00 ",39.07239817,36.92556311
2016,Chembur," INR 28,000.00 ",40.28082286,38.06759083
2017,Chembur," INR 28,412.50 ",41.5266215,39.244939
2018,Chembur," INR 28,475.00 ",42.81095,40.4587
2019,Chembur," INR 28,075.00 ",44.135,41.71
2020,Chembur," INR 26,425.00 ",45.5,43
2021,Chembur," INR 26,862.50 ",44,42.5
2022,Chembur," INR 27,587.50 ",47.75,41.5
2023,Chembur," INR 30,512.50 ",57.5,43
2024,Chembur," INR 31,387.50 ",66.75,44.29
2025,Chembur," INR 31,916.66 ",74,45.6187
2015,Ghatkopar," INR 25,812.50 ",40.36049921,29.62632389
2016,Ghatkopar," INR 28,212.50 ",41.60876207,30.54260195
2017,Ghatkopar," INR 26,600.00 ",42.895631,31.4872185
2018,Ghatkopar," INR 26,712.50 ",44.2223,32.46105
2019,Ghatkopar," INR 27,562.50 ",45.59,33.465
2020,Ghatkopar," INR 27,387.50 ",47,34.5
2021,Ghatkopar," INR 27,325.00 ",43.5,35.5
2022,Ghatkopar," INR 25,425.00 ",45.5,36.565
2023,Ghatkopar," INR 27,512.50 ",52.25,37.66195
2024,Ghatkopar," INR 28,575.00 ",58.25,38.7918085
2025,Ghatkopar," INR 29,633.33 ",63.33333333,37.62805425
2015,Lower Parel," INR 44,550.00 ",68.26935504,68.26935504
2016,Lower Parel," INR 51,775.00 ",70.3807784,70.3807784
2017,Lower Parel," INR 52,525.00 ",72.5575035,72.5575035
2018,Lower Parel," INR 46,837.50 ",74.80155,74.80155
2019,Lower Parel," INR 45,187.50 ",77.115,77.115
2020,Lower Parel," INR 41,675.00 ",79.5,79.5
2021,Lower Parel," INR 43,112.50 ",72.75,72.75
2022,Lower Parel," INR 46,475.00 ",83.5,83.5
2023,Lower Parel," INR 48,700.00 ",99,99
2024,Lower Parel," INR 51,787.50 ",105.5,105.5
2025,Lower Parel," INR 52,166.67 ",126.3333333,126.3333333
2015,Bhandup," INR 21,187.50 ",31.77315895,29.62632389
2016,Bhandup," INR 21,475.00 ",32.75583397,30.54260195
2017,Bhandup," INR 22,162.50 ",33.768901,31.4872185
2018,Bhandup," INR 22,587.50 ",34.8133,32.46105
2019,Bhandup," INR 21,862.50 ",35.89,33.465
2020,Bhandup," INR 21,475.00 ",37,34.5
2021,Bhandup," INR 20,912.50 ",36.25,32.75
2022,Bhandup," INR 21,875.00 ",37.25,30.25
2023,Bhandup," INR 22,787.50 ",42,34
2024,Bhandup," INR 22,812.50 ",45.75,35.02
2025,Bhandup," INR 23,450.00 ",49.33333333,36.0706
2015,Byculla," INR 39,675.00 ",54.62793299,54.62793299
2016,Byculla," INR 39,900.00 ",56.02864922,56.02864922
2017,Byculla," INR 35,812.50 ",57.46528125,57.46528125
2018,Byculla," INR 42,000.00 ",58.93875,58.93875
2019,Byculla," INR 39,000.00 ",60.45,60.45
2020,Byculla," INR 37,900.00 ",62,62
2021,Byculla," INR 44,675.00 ",61.25,61.25
2022,Byculla," INR 43,575.00 ",62.75,62.75
2023,Byculla," INR 44,337.50 ",70,70
2024,Byculla," INR 46,012.50 ",87.5,87.5
2025,Byculla," INR 47,433.33 ",110,110
2015,Mazgaon," INR 40,500.00 ",82.81427278,82.81427278
2016,Mazgaon," INR 42,800.00 ",79.80951055,79.80951055
2017,Mazgaon," INR 37,362.50 ",76.72770313,76.72770313
2018,Mazgaon," INR 39,037.50 ",73.566875,73.566875
2019,Mazgaon," INR 39,350.00 ",70.325,70.325
2020,Mazgaon," INR 38,350.00 ",67,67
2021,Mazgaon," INR 37,362.50 ",66.25,66.25
2022,Mazgaon," INR 35,475.00 ",67.75,67.75
2023,Mazgaon," INR 38,762.50 ",75,75
2024,Mazgaon," INR 40,000.00 ",92.5,92.5
2025,Mazgaon," INR 40,233.33 ",115,115
2015,Colaba," INR 50,000.00 ",94.57608324,94.57608324
2016,Colaba," INR 47,300.00 ",96.01632816,96.01632816
2017,Colaba," INR 46,900.00 ",97.47850575,97.47850575
2018,Colaba," INR 49,666.67 ",98.96295,98.96295
2019,Colaba," INR 53,150.00 ",100.47,100.47
2020,Colaba," INR 47,716.67 ",102,102
2021,Colaba," INR 45,450.00 ",99.75,99.75
2022,Colaba," INR 44,762.50 ",98.75,98.75
2023,Colaba," INR 46,625.00 ",108.25,108.25
2024,Colaba," INR 48,150.00 ",128,128
2025,Colaba," INR 48,783.33 ",141.6666667,141.6666667
2015,Sion," INR 28,300.00 ",42.07796726,42.07796726
2016,Sion," INR 25,225.00 ",43.37934769,43.37934769
2017,Sion," INR 28,400.00 ",44.720977,44.720977
2018,Sion," INR 36,850.00 ",46.1041,46.1041
2019,Sion," INR 35,183.33 ",47.53,47.53
2020,Sion," INR 30,216.67 ",49,49
2021,Sion," INR 35,462.50 ",50.25,50.25
2022,Sion," INR 33,662.50 ",52.5,52.5
2023,Sion," INR 36,287.50 ",56,56
2024,Sion," INR 36,437.50 ",61,61
2025,Sion," INR 38,800.00 ",65,65
2015,Dahisar," INR 22,502.00 ",27.23224962,30.0493789
2016,Dahisar," INR 24,009.29 ",27.57696165,30.42975078
2017,Dahisar," INR 25,617.54 ",27.92603711,30.8149375
2018,Dahisar," INR 27,333.52 ",28.27953125,31.205
2019,Dahisar," INR 29,164.45 ",28.6375,31.6
2020,Dahisar," INR 31,118.02 ",29,32
2021,Dahisar," INR 33,202.44 ",29,32.4
2022,Dahisar," INR 35,426.50 ",29.75,32.805
2023,Dahisar," INR 37,799.53 ",32.5,33.2150625
2024,Dahisar," INR 40,331.51 ",38,33.63025078
2025,Dahisar," INR 43,033.10 ",41,34.05062892
2015,Malvani," INR 12,359.00 ",33.490627,33.490627
2016,Malvani," INR 13,323.00 ",34.52641959,34.52641959
2017,Malvani," INR 13,105.00 ",35.594247,35.594247
2018,Malvani," INR 12,812.50 ",36.6951,36.6951
2019,Malvani," INR 16,787.50 ",37.83,37.83
2020,Malvani," INR 17,837.50 ",39,39
2021,Malvani," INR 15,066.70 ",39,39
2022,Malvani," INR 15,012.50 ",42.25,42.25
2023,Malvani," INR 13,187.50 ",50,50
2024,Malvani," INR 14,575.00 ",56.75,56.75
2025,Malvani," INR 20,900.00 ",63,63
2015,Andheri East," INR 22,000.00 ",41.21923323,41.64860025
2016,Andheri East," INR 23,000.00 ",42.49405488,42.93670129
2017,Andheri East," INR 24,095.00 ",43.808304,44.2646405
2018,Andheri East," INR 24,110.00 ",45.1632,45.63365
2019,Andheri East," INR 24,580.00 ",46.56,47.045
2020,Andheri East," INR 24,677.00 ",48,48.5
2021,Andheri East," INR 25,962.00 ",45.25,44.25
2022,Andheri East," INR 27,430.00 ",48.75,45.25
2023,Andheri East," INR 28,981.00 ",58.75,50.25
2024,Andheri East," INR 29,415.00 ",66.75,53
2025,Andheri East," INR 30,055.00 ",72,54.59
2015,Borivali(W)," INR 18,500.00 ",29.62632389,30.0556909
2016,Borivali(W)," INR 18,752.00 ",30.54260195,30.98524835
2017,Borivali(W)," INR 21,681.00 ",31.4872185,31.943555
2018,Borivali(W)," INR 21,757.00 ",32.46105,32.9315
2019,Borivali(W)," INR 22,259.00 ",33.465,33.95
2020,Borivali(W)," INR 22,282.00 ",34.5,35
2021,Borivali(W)," INR 23,011.00 ",35.25,32
2022,Borivali(W)," INR 23,861.00 ",37.5,32.96
2023,Borivali(W)," INR 25,240.00 ",42.75,33.9488
2024,Borivali(W)," INR 25,669.00 ",51,34.967264
2025,Borivali(W)," INR 25,284.00 ",55,36.01628192
2015,Goregaon(E)," INR 16,800.00 ",36.49619609,36.06682908
2016,Goregaon(E)," INR 17,200.00 ",37.62494443,37.18229802
2017,Goregaon(E)," INR 24,857.00 ",38.7886025,38.332266
2018,Goregaon(E)," INR 24,912.00 ",39.98825,39.5178
2019,Goregaon(E)," INR 25,205.00 ",41.225,40.74
2020,Goregaon(E)," INR 25,100.00 ",42.5,42
2021,Goregaon(E)," INR 25,620.00 ",40.5,40
2022,Goregaon(E)," INR 26,892.00 ",45,39.25
2023,Goregaon(E)," INR 28,556.00 ",55.25,40.4275
2024,Goregaon(E)," INR 30,013.00 ",61.75,41.640325
2025,Goregaon(E)," INR 23,230.00 ",67,42.88953475
2015,Santacruz(W)," INR 36,487.50 ",65.20108131,65.20108131
2016,Santacruz(W)," INR 51,762.50 ",66.87290391,66.87290391
2017,Santacruz(W)," INR 51,725.00 ",68.58759375,68.58759375
2018,Santacruz(W)," INR 53,262.50 ",70.34625,70.34625
2019,Santacruz(W)," INR 49,462.50 ",72.15,72.15
2020,Santacruz(W)," INR 47,475.00 ",74,74
2021,Santacruz(W)," INR 50,162.50 ",74.25,74.25
2022,Santacruz(W)," INR 47,062.50 ",81.5,81.5
2023,Santacruz(W)," INR 33,025.00 ",99.75,99.75
2024,Santacruz(W)," INR 47,150.00 ",110.75,110.75
2025,Santacruz(W)," INR 54,175.00 ",122,122
