Price,Close,High,Low,Open,Volume
Ticker,ABBOTINDIA.BO,ABBOTINDIA.BO,ABBOTINDIA.BO,ABBOTINDIA.BO,ABBOTINDIA.BO
Date,,,,,
2025-03-26,30164.1171875,30816.69154514823,30128.216004660353,30406.101985865273,171
2025-03-27,30163.8203125,30330.404342435457,29836.521807993096,30164.116968727783,404
2025-03-28,30309.19921875,30377.597742685262,29971.494630005047,30319.406889866485,356
2025-04-01,29890.224609375,30574.706851129715,29830.259597601136,30309.199524431417,291
2025-04-02,29167.029296875,29983.328963113225,29056.02400783676,29983.328963113225,210
2025-04-03,29529.736328125,29963.65384319137,29233.50582691796,29351.910186337594,637
2025-04-04,28650.708984375,29587.335501016296,28426.872235282128,29587.335501016296,588
2025-04-07,28531.171875,28898.1182802969,27220.053484972148,27221.432743754507,544
2025-04-08,29010.0625,29094.193435374415,28602.2834739051,28800.871701653505,193
2025-04-09,28736.515625,29193.95565904592,28583.444869669314,28701.995628831693,182
2025-04-11,29172.947265625,29356.54471786738,28898.51329363644,28898.51329363644,184
2025-04-15,30574.1640625,30722.79653233106,29234.589800750746,29234.589800750746,252
2025-04-16,30294.552734375,30954.22948859285,29985.54867789952,30387.460069602308,979
2025-04-17,30261.166015625,30507.490854979853,29588.964191399256,29588.964191399256,276
2025-04-21,30473.859375,30772.1125433806,29879.820678724078,29879.820678724078,226
2025-04-22,30561.982421875,30683.345637950653,30250.169764185815,30648.825641250936,89
2025-04-23,30020.7578125,30870.641276422906,29992.945328899656,30722.746593751046,149
2025-04-24,29616.626953125,30052.122128845782,29593.49932642001,30028.451274527033,250
2025-04-25,29339.92578125,29772.017117279484,29001.08659288355,29772.017117279484,177
2025-04-28,29340.9609375,29456.406440301,28921.296404574663,28921.296404574663,206
2025-04-29,29681.625,29697.060755604103,29157.119450063525,29397.22991967904,87
2025-04-30,29467.205078125,29681.42746836935,29292.732694828883,29292.732694828883,75
2025-05-02,30330.9453125,30436.774531097435,29370.451437330066,29436.237844631407,213
2025-05-05,30352.642578125,30525.48912892331,30057.053555369588,30426.762325974796,282
2025-05-06,29732.3203125,30180.340564175713,29588.569180564427,30146.017053390602,364
2025-05-07,29844.755859375,30053.01045030238,29205.544543539505,29444.077332028573,182
2025-05-08,29610.662109375,30015.187546142457,29411.135755715186,29688.28201798849,112
2025-05-09,29734.193359375,29884.403499972996,29100.94792137689,29203.916522956646,164
2025-05-12,29630.9296875,30086.64374245465,29588.569489383364,29953.54526457057,166
2025-05-13,30006.75390625,30057.05447321091,29692.128791337636,29784.001682731123,134
2025-05-14,29932.240234375,30175.40973411301,29820.346896908213,30006.754886440733,195
2025-05-15,29954.677734375,30111.300664936596,29820.346400404782,30091.5248672692,317
2025-05-16,30141.7265625,31106.117414120672,30027.515843288485,30466.36286021325,879
2025-05-19,30265.16015625,30466.36242020995,30116.281114311343,30151.294253382806,433
2025-05-20,30368.869140625,30525.540227575282,30081.95826578685,30081.95826578685,761
2025-05-21,30991.166015625,31099.60927891903,30268.12038905739,30377.598096483023,571
2025-05-22,30671.361328125,30920.053627979578,30382.281403397254,30920.053627979578,76
2025-05-23,30395.349609375,30620.222726090473,30338.145044596502,30525.539308526066,74
2025-05-26,29785.728515625,30543.885527525883,29613.226769425528,30427.159005610985,477
2025-05-27,30019.23046875,30075.597076952046,29795.836776805954,29879.522726025785,182
2025-05-28,29746.76953125,30071.798805150986,29687.197493868232,29914.043189004104,222
2025-05-29,29921.193359375,30160.5641082856,29677.185912257166,30160.5641082856,413
2025-05-30,30035.50390625,30160.61385018086,29746.91712302328,29746.91712302328,96
2025-06-02,30243.265625,30422.571194081967,29785.825586027295,29785.875670843703,145
2025-06-03,30635.166015625,31003.888509932112,30081.711453886735,30293.7628624961,5244
2025-06-04,30853.67578125,31007.782906313263,30722.7964526119,30956.546139907852,199
2025-06-05,31265.205078125,31432.825480456642,31057.148890407578,31063.066604318545,563
2025-06-06,31315.65234375,31738.620538242867,30711.011112186567,31560.497744066168,912
2025-06-09,31376.75390625,31477.35503754181,31048.270716334602,31068.242999752827,334
2025-06-10,31215.1015625,31787.245458924186,31096.05573370875,31787.245458924186,189
2025-06-11,31189.361328125,31321.42343615333,31106.858147881907,31117.41063384636,154
2025-06-12,31043.734375,31403.333721988372,30969.418139791942,31363.439239727068,154
2025-06-13,31112.529296875,31215.94096247337,30698.191078719927,30994.0266902283,63
2025-06-16,31223.978515625,31415.16959797515,30969.66515353511,30970.404867750807,178
2025-06-17,31367.1875,31418.07945452907,31041.41850396403,31265.255262825784,54
2025-06-18,31075.296875,31564.099657886673,31043.34083467122,31363.883670930732,267
2025-06-19,30586.7890625,31573.716191229545,30367.93188976986,31363.883917535968,589
2025-06-20,31096.697265625,31215.939581236307,30367.38914126821,30712.88383492154,145
2025-06-23,30662.53515625,31024.748547352392,30476.225418826314,31024.748547352392,165
2025-06-24,31078.501953125,31344.157604698757,30624.169088291266,30969.369061911297,312
2025-06-25,31257.708984375,31314.568736182693,31028.545903631733,31028.89071833423,121
2025-06-26,32691.619140625,32793.99635693053,31166.92176536005,31166.92176536005,1401
2025-06-27,34528.625,35330.22859820759,32586.72887941519,32744.680972613987,2379
2025-06-30,35148.703125,35338.22021540074,33543.62347424652,33543.62347424652,832
2025-07-01,34221.64453125,35308.924233243815,34026.85312567548,35307.84163069306,330
2025-07-02,34904.0546875,35105.553609671355,33844.39096123199,34245.95560928692,1082
2025-07-03,34995.78125,35428.91091524431,34717.25571679796,34958.30239439664,507
2025-07-04,34269.921875,35118.12747514507,34209.1189099678,34995.33492024035,399
2025-07-07,33986.91015625,34473.78852343715,33888.824819470145,34322.84058773525,755
2025-07-08,33737.37890625,34507.12474432334,33356.179515863216,33982.66736828667,205
2025-07-09,33879.35546875,34096.9817111701,33579.574713019465,34025.22942942683,352
2025-07-10,34136.43359375,34224.01267935917,33661.93001545521,33721.006986189466,117
2025-07-11,33938.0390625,34292.955494000336,33846.26441241892,34292.955494000336,274
2025-07-14,33916.8828125,33967.676521584246,33780.28225505983,33967.676521584246,104
2025-07-15,33854.15234375,34151.71778520158,33637.46617248839,33967.62527019717,209
2025-07-16,33710.6015625,33999.18641145269,33533.70970274679,33731.70653282992,329
2025-07-17,33660.30078125,33935.07763032086,33585.489479455886,33847.348299125384,147
2025-07-18,33680.51953125,33762.4775505177,33401.30054528623,33762.4775505177,97
2025-07-21,33589.53515625,34026.60607166494,33529.764708797054,34026.60607166494,147
2025-07-22,33723.5703125,33829.39952771008,33635.891063901545,33829.39952771008,189
2025-07-23,34268.98828125,34475.615126306824,33562.807751127395,33652.066603049316,539
2025-07-24,34160.25,34756.75633062257,34036.76780736952,34328.46178785183,630
2025-07-25,33771.19921875,34400.0,33495.0,34400.0,341
2025-07-28,32886.44921875,33899.80078125,32661.19921875,33899.80078125,420
2025-07-29,34736.30078125,34775.44921875,32905.0,32905.0,1647
2025-07-30,35188.8515625,35280.0,34266.69921875,34399.94921875,557
2025-07-31,34422.6015625,35099.0,33885.19921875,33885.19921875,858
2025-08-01,33676.0,34849.25,33183.75,34849.25,414
2025-08-04,34040.05078125,34220.0,33300.0,33600.0,467
2025-08-05,33260.69921875,34025.0,33210.05078125,34000.0,250
2025-08-06,32614.05078125,33524.94921875,32450.0,33151.0,512
2025-08-07,32765.099609375,32830.0,31900.19921875,31900.19921875,284
2025-08-08,32824.3984375,33011.94921875,32565.400390625,32759.94921875,238
2025-08-11,33001.05078125,33300.0,32669.69921875,33047.25,90
2025-08-12,32342.099609375,33799.0,31910.0,33100.0,1898
2025-08-13,32986.6484375,34035.0,32345.0,33524.80078125,1193
2025-08-14,33235.8515625,33429.8515625,32455.05078125,32455.05078125,337
2025-08-18,32628.650390625,33849.94921875,32525.05078125,33849.94921875,256
2025-08-19,33061.5,33148.05078125,32586.099609375,32660.05078125,319
2025-08-20,32617.55078125,33065.0,32470.0,33065.0,1908
2025-08-21,32609.44921875,32949.94921875,32600.0,32949.94921875,165
2025-08-22,31909.75,32784.94921875,31811.0,32669.69921875,298
2025-08-25,31527.599609375,32124.849609375,31500.0,32001.05078125,417
2025-08-26,31929.349609375,32020.0,30978.30078125,31769.349609375,705
2025-08-28,31490.44921875,32129.349609375,31390.0,32129.349609375,410
2025-08-29,31497.69921875,31959.30078125,31340.0,31525.099609375,480
2025-09-01,32072.30078125,32325.0,31500.05078125,31500.05078125,573
2025-09-02,32356.30078125,32580.0,32070.0,32130.05078125,579
2025-09-03,32605.900390625,32771.1484375,32245.0,32490.150390625,254
2025-09-04,32197.650390625,32751.75,32050.0,32620.0,469
2025-09-05,31179.05078125,32305.0,31035.30078125,32006.400390625,546
2025-09-08,30979.69921875,31650.0,30889.150390625,31065.150390625,1403
2025-09-09,30642.75,31550.0,30600.75,30960.0,692
2025-09-10,31295.69921875,31400.0,30570.0,30949.44921875,769
2025-09-11,30975.5,31495.0,30900.0,31295.650390625,1695
2025-09-12,30963.30078125,31180.0,30875.0,30910.05078125,498
2025-09-15,30925.650390625,31395.900390625,30825.0,31125.0,289
2025-09-16,30965.55078125,31185.30078125,30700.44921875,31062.0,333
2025-09-17,30948.25,31225.94921875,30849.900390625,30965.599609375,278
2025-09-18,30922.650390625,31328.900390625,30855.150390625,31219.94921875,257
2025-09-19,30299.400390625,31060.30078125,30130.0,30950.55078125,536
2025-09-22,30208.69921875,30670.44921875,30106.05078125,30106.05078125,303
2025-09-23,30251.69921875,30499.94921875,30090.0,30499.94921875,199
2025-09-24,30153.349609375,30450.0,30074.05078125,30251.69921875,362
2025-09-25,30214.599609375,30480.0,30024.0,30299.94921875,200
